inning,half,run_diff,outs,base_state,home_win_prob
1,top,-5,0,0,0.112
1,top,-4,0,0,0.162
1,top,-3,0,0,0.226
1,top,-2,0,0,0.306
1,top,-1,0,0,0.399
1,top,0,0,0,0.5
1,top,-5,0,1,0.101
1,top,-4,0,1,0.146
1,top,-3,0,1,0.205
1,top,-2,0,1,0.28
1,top,-1,0,1,0.367
1,top,0,0,1,0.464
1,top,-5,0,2,0.091
1,top,-4,0,2,0.134
1,top,-3,0,2,0.189
1,top,-2,0,2,0.26
1,top,-1,0,2,0.345
1,top,0,0,2,0.44
1,top,-5,0,3,0.084
1,top,-4,0,3,0.124
1,top,-3,0,3,0.176
1,top,-2,0,3,0.242
1,top,-1,0,3,0.321
1,top,0,0,3,0.412
1,top,-5,0,4,0.081
1,top,-4,0,4,0.12
1,top,-3,0,4,0.172
1,top,-2,0,4,0.238
1,top,-1,0,4,0.32
1,top,0,0,4,0.413
1,top,-5,0,5,0.072
1,top,-4,0,5,0.107
1,top,-3,0,5,0.154
1,top,-2,0,5,0.215
1,top,-1,0,5,0.29
1,top,0,0,5,0.378
1,top,-5,0,6,0.067
1,top,-4,0,6,0.1
1,top,-3,0,6,0.144
1,top,-2,0,6,0.203
1,top,-1,0,6,0.275
1,top,0,0,6,0.36
1,top,-5,0,7,0.062
1,top,-4,0,7,0.092
1,top,-3,0,7,0.134
1,top,-2,0,7,0.188
1,top,-1,0,7,0.256
1,top,0,0,7,0.337
1,top,-5,1,0,0.119
1,top,-4,1,0,0.172
1,top,-3,1,0,0.24
1,top,-2,1,0,0.323
1,top,-1,1,0,0.419
1,top,0,1,0,0.522
1,top,-5,1,1,0.111
1,top,-4,1,1,0.161
1,top,-3,1,1,0.225
1,top,-2,1,1,0.304
1,top,-1,1,1,0.397
1,top,0,1,1,0.497
1,top,-5,1,2,0.105
1,top,-4,1,2,0.153
1,top,-3,1,2,0.214
1,top,-2,1,2,0.291
1,top,-1,1,2,0.382
1,top,0,1,2,0.481
1,top,-5,1,3,0.1
1,top,-4,1,3,0.145
1,top,-3,1,3,0.205
1,top,-2,1,3,0.279
1,top,-1,1,3,0.366
1,top,0,1,3,0.462
1,top,-5,1,4,0.094
1,top,-4,1,4,0.137
1,top,-3,1,4,0.194
1,top,-2,1,4,0.267
1,top,-1,1,4,0.354
1,top,0,1,4,0.451
1,top,-5,1,5,0.09
1,top,-4,1,5,0.132
1,top,-3,1,5,0.187
1,top,-2,1,5,0.258
1,top,-1,1,5,0.342
1,top,0,1,5,0.436
1,top,-5,1,6,0.083
1,top,-4,1,6,0.123
1,top,-3,1,6,0.175
1,top,-2,1,6,0.241
1,top,-1,1,6,0.322
1,top,0,1,6,0.414
1,top,-5,1,7,0.081
1,top,-4,1,7,0.119
1,top,-3,1,7,0.17
1,top,-2,1,7,0.235
1,top,-1,1,7,0.313
1,top,0,1,7,0.402
1,top,-5,2,0,0.125
1,top,-4,2,0,0.179
1,top,-3,2,0,0.249
1,top,-2,2,0,0.335
1,top,-1,2,0,0.433
1,top,0,2,0,0.537
1,top,-5,2,1,0.12
1,top,-4,2,1,0.173
1,top,-3,2,1,0.242
1,top,-2,2,1,0.325
1,top,-1,2,1,0.422
1,top,0,2,1,0.525
1,top,-5,2,2,0.117
1,top,-4,2,2,0.168
1,top,-3,2,2,0.235
1,top,-2,2,2,0.317
1,top,-1,2,2,0.412
1,top,0,2,2,0.515
1,top,-5,2,3,0.114
1,top,-4,2,3,0.164
1,top,-3,2,3,0.23
1,top,-2,2,3,0.31
1,top,-1,2,3,0.404
1,top,0,2,3,0.505
1,top,-5,2,4,0.115
1,top,-4,2,4,0.166
1,top,-3,2,4,0.232
1,top,-2,2,4,0.314
1,top,-1,2,4,0.409
1,top,0,2,4,0.511
1,top,-5,2,5,0.112
1,top,-4,2,5,0.162
1,top,-3,2,5,0.226
1,top,-2,2,5,0.306
1,top,-1,2,5,0.399
1,top,0,2,5,0.5
1,top,-5,2,6,0.109
1,top,-4,2,6,0.158
1,top,-3,2,6,0.221
1,top,-2,2,6,0.299
1,top,-1,2,6,0.391
1,top,0,2,6,0.49
1,top,-5,2,7,0.105
1,top,-4,2,7,0.152
1,top,-3,2,7,0.213
1,top,-2,2,7,0.289
1,top,-1,2,7,0.378
1,top,0,2,7,0.475
1,bottom,-5,0,0,0.128
1,bottom,-4,0,0,0.184
1,bottom,-3,0,0,0.255
1,bottom,-2,0,0,0.342
1,bottom,-1,0,0,0.442
1,bottom,0,0,0,0.547
1,bottom,1,0,0,0.649
1,bottom,2,0,0,0.739
1,bottom,3,0,0,0.814
1,bottom,4,0,0,0.871
1,bottom,5,0,0,0.914
1,bottom,-5,0,1,0.153
1,bottom,-4,0,1,0.214
1,bottom,-3,0,1,0.291
1,bottom,-2,0,1,0.381
1,bottom,-1,0,1,0.48
1,bottom,0,0,1,0.583
1,bottom,1,0,1,0.679
1,bottom,2,0,1,0.764
1,bottom,3,0,1,0.832
1,bottom,4,0,1,0.885
1,bottom,5,0,1,0.923
1,bottom,-5,0,2,0.166
1,bottom,-4,0,2,0.231
1,bottom,-3,0,2,0.311
1,bottom,-2,0,2,0.404
1,bottom,-1,0,2,0.506
1,bottom,0,0,2,0.607
1,bottom,1,0,2,0.702
1,bottom,2,0,2,0.782
1,bottom,3,0,2,0.846
1,bottom,4,0,2,0.895
1,bottom,5,0,2,0.931
1,bottom,-5,0,3,0.193
1,bottom,-4,0,3,0.263
1,bottom,-3,0,3,0.345
1,bottom,-2,0,3,0.438
1,bottom,-1,0,3,0.537
1,bottom,0,0,3,0.634
1,bottom,1,0,3,0.723
1,bottom,2,0,3,0.798
1,bottom,3,0,3,0.858
1,bottom,4,0,3,0.903
1,bottom,5,0,3,0.936
1,bottom,-5,0,4,0.178
1,bottom,-4,0,4,0.248
1,bottom,-3,0,4,0.332
1,bottom,-2,0,4,0.429
1,bottom,-1,0,4,0.533
1,bottom,0,0,4,0.635
1,bottom,1,0,4,0.726
1,bottom,2,0,4,0.802
1,bottom,3,0,4,0.862
1,bottom,4,0,4,0.907
1,bottom,5,0,4,0.939
1,bottom,-5,0,5,0.213
1,bottom,-4,0,5,0.288
1,bottom,-3,0,5,0.375
1,bottom,-2,0,5,0.472
1,bottom,-1,0,5,0.572
1,bottom,0,0,5,0.668
1,bottom,1,0,5,0.753
1,bottom,2,0,5,0.823
1,bottom,3,0,5,0.877
1,bottom,4,0,5,0.918
1,bottom,5,0,5,0.946
1,bottom,-5,0,6,0.226
1,bottom,-4,0,6,0.303
1,bottom,-3,0,6,0.394
1,bottom,-2,0,6,0.492
1,bottom,-1,0,6,0.592
1,bottom,0,0,6,0.686
1,bottom,1,0,6,0.767
1,bottom,2,0,6,0.834
1,bottom,3,0,6,0.885
1,bottom,4,0,6,0.923
1,bottom,5,0,6,0.95
1,bottom,-5,0,7,0.256
1,bottom,-4,0,7,0.336
1,bottom,-3,0,7,0.427
1,bottom,-2,0,7,0.523
1,bottom,-1,0,7,0.618
1,bottom,0,0,7,0.707
1,bottom,1,0,7,0.784
1,bottom,2,0,7,0.846
1,bottom,3,0,7,0.894
1,bottom,4,0,7,0.929
1,bottom,5,0,7,0.954
1,bottom,-5,1,0,0.114
1,bottom,-4,1,0,0.166
1,bottom,-3,1,0,0.235
1,bottom,-2,1,0,0.32
1,bottom,-1,1,0,0.419
1,bottom,0,1,0,0.526
1,bottom,1,1,0,0.63
1,bottom,2,1,0,0.724
1,bottom,3,1,0,0.802
1,bottom,4,1,0,0.863
1,bottom,5,1,0,0.908
1,bottom,-5,1,1,0.13
1,bottom,-4,1,1,0.186
1,bottom,-3,1,1,0.258
1,bottom,-2,1,1,0.346
1,bottom,-1,1,1,0.445
1,bottom,0,1,1,0.55
1,bottom,1,1,1,0.651
1,bottom,2,1,1,0.741
1,bottom,3,1,1,0.815
1,bottom,4,1,1,0.872
1,bottom,5,1,1,0.915
1,bottom,-5,1,2,0.138
1,bottom,-4,1,2,0.197
1,bottom,-3,1,2,0.271
1,bottom,-2,1,2,0.361
1,bottom,-1,1,2,0.461
1,bottom,0,1,2,0.566
1,bottom,1,1,2,0.666
1,bottom,2,1,2,0.753
1,bottom,3,1,2,0.824
1,bottom,4,1,2,0.879
1,bottom,5,1,2,0.92
1,bottom,-5,1,3,0.155
1,bottom,-4,1,3,0.217
1,bottom,-3,1,3,0.294
1,bottom,-2,1,3,0.384
1,bottom,-1,1,3,0.483
1,bottom,0,1,3,0.585
1,bottom,1,1,3,0.681
1,bottom,2,1,3,0.765
1,bottom,3,1,3,0.833
1,bottom,4,1,3,0.885
1,bottom,5,1,3,0.923
1,bottom,-5,1,4,0.153
1,bottom,-4,1,4,0.216
1,bottom,-3,1,4,0.295
1,bottom,-2,1,4,0.389
1,bottom,-1,1,4,0.492
1,bottom,0,1,4,0.597
1,bottom,1,1,4,0.693
1,bottom,2,1,4,0.776
1,bottom,3,1,4,0.842
1,bottom,4,1,4,0.893
1,bottom,5,1,4,0.929
1,bottom,-5,1,5,0.168
1,bottom,-4,1,5,0.233
1,bottom,-3,1,5,0.314
1,bottom,-2,1,5,0.408
1,bottom,-1,1,5,0.509
1,bottom,0,1,5,0.611
1,bottom,1,1,5,0.704
1,bottom,2,1,5,0.784
1,bottom,3,1,5,0.848
1,bottom,4,1,5,0.897
1,bottom,5,1,5,0.932
1,bottom,-5,1,6,0.185
1,bottom,-4,1,6,0.254
1,bottom,-3,1,6,0.338
1,bottom,-2,1,6,0.433
1,bottom,-1,1,6,0.534
1,bottom,0,1,6,0.633
1,bottom,1,1,6,0.723
1,bottom,2,1,6,0.799
1,bottom,3,1,6,0.859
1,bottom,4,1,6,0.904
1,bottom,5,1,6,0.937
1,bottom,-5,1,7,0.201
1,bottom,-4,1,7,0.272
1,bottom,-3,1,7,0.355
1,bottom,-2,1,7,0.449
1,bottom,-1,1,7,0.547
1,bottom,0,1,7,0.643
1,bottom,1,1,7,0.731
1,bottom,2,1,7,0.804
1,bottom,3,1,7,0.863
1,bottom,4,1,7,0.907
1,bottom,5,1,7,0.939
1,bottom,-5,2,0,0.105
1,bottom,-4,2,0,0.154
1,bottom,-3,2,0,0.221
1,bottom,-2,2,0,0.304
1,bottom,-1,2,0,0.402
1,bottom,0,2,0,0.51
1,bottom,1,2,0,0.617
1,bottom,2,2,0,0.713
1,bottom,3,2,0,0.794
1,bottom,4,2,0,0.857
1,bottom,5,2,0,0.904
1,bottom,-5,2,1,0.112
1,bottom,-4,2,1,0.164
1,bottom,-3,2,1,0.232
1,bottom,-2,2,1,0.317
1,bottom,-1,2,1,0.416
1,bottom,0,2,1,0.522
1,bottom,1,2,1,0.628
1,bottom,2,2,1,0.722
1,bottom,3,2,1,0.8
1,bottom,4,2,1,0.862
1,bottom,5,2,1,0.907
1,bottom,-5,2,2,0.117
1,bottom,-4,2,2,0.17
1,bottom,-3,2,2,0.24
1,bottom,-2,2,2,0.326
1,bottom,-1,2,2,0.426
1,bottom,0,2,2,0.533
1,bottom,1,2,2,0.637
1,bottom,2,2,2,0.73
1,bottom,3,2,2,0.806
1,bottom,4,2,2,0.866
1,bottom,5,2,2,0.91
1,bottom,-5,2,3,0.125
1,bottom,-4,2,3,0.18
1,bottom,-3,2,3,0.251
1,bottom,-2,2,3,0.338
1,bottom,-1,2,3,0.437
1,bottom,0,2,3,0.542
1,bottom,1,2,3,0.645
1,bottom,2,2,3,0.736
1,bottom,3,2,3,0.811
1,bottom,4,2,3,0.869
1,bottom,5,2,3,0.912
1,bottom,-5,2,4,0.119
1,bottom,-4,2,4,0.172
1,bottom,-3,2,4,0.243
1,bottom,-2,2,4,0.329
1,bottom,-1,2,4,0.429
1,bottom,0,2,4,0.536
1,bottom,1,2,4,0.64
1,bottom,2,2,4,0.733
1,bottom,3,2,4,0.809
1,bottom,4,2,4,0.868
1,bottom,5,2,4,0.912
1,bottom,-5,2,5,0.128
1,bottom,-4,2,5,0.183
1,bottom,-3,2,5,0.255
1,bottom,-2,2,5,0.342
1,bottom,-1,2,5,0.442
1,bottom,0,2,5,0.547
1,bottom,1,2,5,0.649
1,bottom,2,2,5,0.74
1,bottom,3,2,5,0.814
1,bottom,4,2,5,0.872
1,bottom,5,2,5,0.914
1,bottom,-5,2,6,0.135
1,bottom,-4,2,6,0.193
1,bottom,-3,2,6,0.265
1,bottom,-2,2,6,0.353
1,bottom,-1,2,6,0.452
1,bottom,0,2,6,0.557
1,bottom,1,2,6,0.657
1,bottom,2,2,6,0.745
1,bottom,3,2,6,0.818
1,bottom,4,2,6,0.875
1,bottom,5,2,6,0.916
1,bottom,-5,2,7,0.148
1,bottom,-4,2,7,0.208
1,bottom,-3,2,7,0.282
1,bottom,-2,2,7,0.37
1,bottom,-1,2,7,0.469
1,bottom,0,2,7,0.571
1,bottom,1,2,7,0.669
1,bottom,2,2,7,0.755
1,bottom,3,2,7,0.825
1,bottom,4,2,7,0.88
1,bottom,5,2,7,0.92
2,top,-5,0,0,0.099
2,top,-4,0,0,0.147
2,top,-3,0,0,0.212
2,top,-2,0,0,0.294
2,top,-1,0,0,0.392
2,top,0,0,0,0.5
2,top,1,0,0,0.608
2,top,2,0,0,0.706
2,top,3,0,0,0.788
2,top,4,0,0,0.853
2,top,5,0,0,0.901
2,top,-5,0,1,0.089
2,top,-4,0,1,0.132
2,top,-3,0,1,0.191
2,top,-2,0,1,0.267
2,top,-1,0,1,0.359
2,top,0,0,1,0.462
2,top,1,0,1,0.568
2,top,2,0,1,0.667
2,top,3,0,1,0.754
2,top,4,0,1,0.824
2,top,5,0,1,0.879
2,top,-5,0,2,0.08
2,top,-4,0,2,0.12
2,top,-3,0,2,0.175
2,top,-2,0,2,0.247
2,top,-1,0,2,0.335
2,top,0,0,2,0.436
2,top,1,0,2,0.542
2,top,2,0,2,0.644
2,top,3,0,2,0.735
2,top,4,0,2,0.809
2,top,5,0,2,0.867
2,top,-5,0,3,0.074
2,top,-4,0,3,0.111
2,top,-3,0,3,0.162
2,top,-2,0,3,0.229
2,top,-1,0,3,0.311
2,top,0,0,3,0.407
2,top,1,0,3,0.508
2,top,2,0,3,0.609
2,top,3,0,3,0.7
2,top,4,0,3,0.778
2,top,5,0,3,0.842
2,top,-5,0,4,0.07
2,top,-4,0,4,0.107
2,top,-3,0,4,0.158
2,top,-2,0,4,0.225
2,top,-1,0,4,0.309
2,top,0,0,4,0.407
2,top,1,0,4,0.514
2,top,2,0,4,0.62
2,top,3,0,4,0.715
2,top,4,0,4,0.795
2,top,5,0,4,0.857
2,top,-5,0,5,0.062
2,top,-4,0,5,0.095
2,top,-3,0,5,0.141
2,top,-2,0,5,0.201
2,top,-1,0,5,0.278
2,top,0,0,5,0.37
2,top,1,0,5,0.472
2,top,2,0,5,0.575
2,top,3,0,5,0.672
2,top,4,0,5,0.756
2,top,5,0,5,0.824
2,top,-5,0,6,0.058
2,top,-4,0,6,0.088
2,top,-3,0,6,0.131
2,top,-2,0,6,0.189
2,top,-1,0,6,0.263
2,top,0,0,6,0.352
2,top,1,0,6,0.452
2,top,2,0,6,0.555
2,top,3,0,6,0.654
2,top,4,0,6,0.741
2,top,5,0,6,0.813
2,top,-5,0,7,0.053
2,top,-4,0,7,0.082
2,top,-3,0,7,0.121
2,top,-2,0,7,0.175
2,top,-1,0,7,0.244
2,top,0,0,7,0.328
2,top,1,0,7,0.422
2,top,2,0,7,0.522
2,top,3,0,7,0.619
2,top,4,0,7,0.708
2,top,5,0,7,0.784
2,top,-5,1,0,0.106
2,top,-4,1,0,0.157
2,top,-3,1,0,0.225
2,top,-2,1,0,0.311
2,top,-1,1,0,0.412
2,top,0,1,0,0.523
2,top,1,1,0,0.632
2,top,2,1,0,0.729
2,top,3,1,0,0.808
2,top,4,1,0,0.869
2,top,5,1,0,0.913
2,top,-5,1,1,0.099
2,top,-4,1,1,0.146
2,top,-3,1,1,0.211
2,top,-2,1,1,0.292
2,top,-1,1,1,0.389
2,top,0,1,1,0.497
2,top,1,1,1,0.605
2,top,2,1,1,0.703
2,top,3,1,1,0.785
2,top,4,1,1,0.85
2,top,5,1,1,0.899
2,top,-5,1,2,0.093
2,top,-4,1,2,0.138
2,top,-3,1,2,0.2
2,top,-2,1,2,0.279
2,top,-1,1,2,0.374
2,top,0,1,2,0.48
2,top,1,1,2,0.588
2,top,2,1,2,0.688
2,top,3,1,2,0.773
2,top,4,1,2,0.841
2,top,5,1,2,0.892
2,top,-5,1,3,0.088
2,top,-4,1,3,0.132
2,top,-3,1,3,0.191
2,top,-2,1,3,0.266
2,top,-1,1,3,0.357
2,top,0,1,3,0.46
2,top,1,1,3,0.565
2,top,2,1,3,0.664
2,top,3,1,3,0.751
2,top,4,1,3,0.821
2,top,5,1,3,0.876
2,top,-5,1,4,0.082
2,top,-4,1,4,0.123
2,top,-3,1,4,0.18
2,top,-2,1,4,0.254
2,top,-1,1,4,0.344
2,top,0,1,4,0.448
2,top,1,1,4,0.557
2,top,2,1,4,0.66
2,top,3,1,4,0.751
2,top,4,1,4,0.824
2,top,5,1,4,0.88
2,top,-5,1,5,0.079
2,top,-4,1,5,0.119
2,top,-3,1,5,0.173
2,top,-2,1,5,0.244
2,top,-1,1,5,0.332
2,top,0,1,5,0.432
2,top,1,1,5,0.539
2,top,2,1,5,0.641
2,top,3,1,5,0.732
2,top,4,1,5,0.807
2,top,5,1,5,0.866
2,top,-5,1,6,0.073
2,top,-4,1,6,0.11
2,top,-3,1,6,0.161
2,top,-2,1,6,0.228
2,top,-1,1,6,0.311
2,top,0,1,6,0.408
2,top,1,1,6,0.512
2,top,2,1,6,0.615
2,top,3,1,6,0.709
2,top,4,1,6,0.788
2,top,5,1,6,0.851
2,top,-5,1,7,0.071
2,top,-4,1,7,0.107
2,top,-3,1,7,0.157
2,top,-2,1,7,0.222
2,top,-1,1,7,0.303
2,top,0,1,7,0.397
2,top,1,1,7,0.498
2,top,2,1,7,0.598
2,top,3,1,7,0.69
2,top,4,1,7,0.77
2,top,5,1,7,0.835
2,top,-5,2,0,0.111
2,top,-4,2,0,0.164
2,top,-3,2,0,0.234
2,top,-2,2,0,0.323
2,top,-1,2,0,0.427
2,top,0,2,0,0.54
2,top,1,2,0,0.649
2,top,2,2,0,0.745
2,top,3,2,0,0.821
2,top,4,2,0,0.88
2,top,5,2,0,0.922
2,top,-5,2,1,0.107
2,top,-4,2,1,0.158
2,top,-3,2,1,0.227
2,top,-2,2,1,0.313
2,top,-1,2,1,0.415
2,top,0,2,1,0.526
2,top,1,2,1,0.635
2,top,2,2,1,0.732
2,top,3,2,1,0.81
2,top,4,2,1,0.871
2,top,5,2,1,0.915
2,top,-5,2,2,0.103
2,top,-4,2,2,0.153
2,top,-3,2,2,0.22
2,top,-2,2,2,0.305
2,top,-1,2,2,0.405
2,top,0,2,2,0.516
2,top,1,2,2,0.625
2,top,2,2,2,0.723
2,top,3,2,2,0.803
2,top,4,2,2,0.865
2,top,5,2,2,0.911
2,top,-5,2,3,0.101
2,top,-4,2,3,0.15
2,top,-3,2,3,0.215
2,top,-2,2,3,0.298
2,top,-1,2,3,0.397
2,top,0,2,3,0.505
2,top,1,2,3,0.613
2,top,2,2,3,0.711
2,top,3,2,3,0.792
2,top,4,2,3,0.856
2,top,5,2,3,0.903
2,top,-5,2,4,0.102
2,top,-4,2,4,0.151
2,top,-3,2,4,0.218
2,top,-2,2,4,0.302
2,top,-1,2,4,0.402
2,top,0,2,4,0.512
2,top,1,2,4,0.621
2,top,2,2,4,0.719
2,top,3,2,4,0.801
2,top,4,2,4,0.864
2,top,5,2,4,0.91
2,top,-5,2,5,0.099
2,top,-4,2,5,0.147
2,top,-3,2,5,0.212
2,top,-2,2,5,0.294
2,top,-1,2,5,0.392
2,top,0,2,5,0.5
2,top,1,2,5,0.608
2,top,2,2,5,0.706
2,top,3,2,5,0.788
2,top,4,2,5,0.853
2,top,5,2,5,0.901
2,top,-5,2,6,0.097
2,top,-4,2,6,0.144
2,top,-3,2,6,0.207
2,top,-2,2,6,0.287
2,top,-1,2,6,0.383
2,top,0,2,6,0.49
2,top,1,2,6,0.597
2,top,2,2,6,0.695
2,top,3,2,6,0.778
2,top,4,2,6,0.845
2,top,5,2,6,0.895
2,top,-5,2,7,0.093
2,top,-4,2,7,0.138
2,top,-3,2,7,0.199
2,top,-2,2,7,0.277
2,top,-1,2,7,0.37
2,top,0,2,7,0.474
2,top,1,2,7,0.58
2,top,2,2,7,0.677
2,top,3,2,7,0.762
2,top,4,2,7,0.83
2,top,5,2,7,0.883
2,bottom,-5,0,0,0.114
2,bottom,-4,0,0,0.169
2,bottom,-3,0,0,0.241
2,bottom,-2,0,0,0.331
2,bottom,-1,0,0,0.437
2,bottom,0,0,0,0.55
2,bottom,1,0,0,0.66
2,bottom,2,0,0,0.754
2,bottom,3,0,0,0.83
2,bottom,4,0,0,0.886
2,bottom,5,0,0,0.926
2,bottom,-5,0,1,0.139
2,bottom,-4,0,1,0.2
2,bottom,-3,0,1,0.278
2,bottom,-2,0,1,0.372
2,bottom,-1,0,1,0.478
2,bottom,0,0,1,0.588
2,bottom,1,0,1,0.691
2,bottom,2,0,1,0.778
2,bottom,3,0,1,0.847
2,bottom,4,0,1,0.898
2,bottom,5,0,1,0.935
2,bottom,-5,0,2,0.152
2,bottom,-4,0,2,0.217
2,bottom,-3,0,2,0.299
2,bottom,-2,0,2,0.397
2,bottom,-1,0,2,0.505
2,bottom,0,0,2,0.615
2,bottom,1,0,2,0.714
2,bottom,2,0,2,0.797
2,bottom,3,0,2,0.861
2,bottom,4,0,2,0.909
2,bottom,5,0,2,0.941
2,bottom,-5,0,3,0.18
2,bottom,-4,0,3,0.25
2,bottom,-3,0,3,0.336
2,bottom,-2,0,3,0.434
2,bottom,-1,0,3,0.538
2,bottom,0,0,3,0.642
2,bottom,1,0,3,0.735
2,bottom,2,0,3,0.812
2,bottom,3,0,3,0.872
2,bottom,4,0,3,0.916
2,bottom,5,0,3,0.946
2,bottom,-5,0,4,0.163
2,bottom,-4,0,4,0.233
2,bottom,-3,0,4,0.321
2,bottom,-2,0,4,0.423
2,bottom,-1,0,4,0.535
2,bottom,0,0,4,0.644
2,bottom,1,0,4,0.74
2,bottom,2,0,4,0.818
2,bottom,3,0,4,0.877
2,bottom,4,0,4,0.92
2,bottom,5,0,4,0.949
2,bottom,-5,0,5,0.2
2,bottom,-4,0,5,0.275
2,bottom,-3,0,5,0.367
2,bottom,-2,0,5,0.469
2,bottom,-1,0,5,0.577
2,bottom,0,0,5,0.679
2,bottom,1,0,5,0.767
2,bottom,2,0,5,0.838
2,bottom,3,0,5,0.891
2,bottom,4,0,5,0.929
2,bottom,5,0,5,0.955
2,bottom,-5,0,6,0.212
2,bottom,-4,0,6,0.292
2,bottom,-3,0,6,0.386
2,bottom,-2,0,6,0.491
2,bottom,-1,0,6,0.597
2,bottom,0,0,6,0.697
2,bottom,1,0,6,0.781
2,bottom,2,0,6,0.849
2,bottom,3,0,6,0.899
2,bottom,4,0,6,0.934
2,bottom,5,0,6,0.959
2,bottom,-5,0,7,0.244
2,bottom,-4,0,7,0.327
2,bottom,-3,0,7,0.422
2,bottom,-2,0,7,0.523
2,bottom,-1,0,7,0.625
2,bottom,0,0,7,0.718
2,bottom,1,0,7,0.797
2,bottom,2,0,7,0.86
2,bottom,3,0,7,0.906
2,bottom,4,0,7,0.939
2,bottom,5,0,7,0.962
2,bottom,-5,1,0,0.1
2,bottom,-4,1,0,0.151
2,bottom,-3,1,0,0.219
2,bottom,-2,1,0,0.307
2,bottom,-1,1,0,0.412
2,bottom,0,1,0,0.527
2,bottom,1,1,0,0.64
2,bottom,2,1,0,0.739
2,bottom,3,1,0,0.818
2,bottom,4,1,0,0.878
2,bottom,5,1,0,0.921
2,bottom,-5,1,1,0.116
2,bottom,-4,1,1,0.171
2,bottom,-3,1,1,0.244
2,bottom,-2,1,1,0.334
2,bottom,-1,1,1,0.44
2,bottom,0,1,1,0.553
2,bottom,1,1,1,0.662
2,bottom,2,1,1,0.756
2,bottom,3,1,1,0.831
2,bottom,4,1,1,0.887
2,bottom,5,1,1,0.927
2,bottom,-5,1,2,0.124
2,bottom,-4,1,2,0.182
2,bottom,-3,1,2,0.257
2,bottom,-2,1,2,0.351
2,bottom,-1,1,2,0.458
2,bottom,0,1,2,0.571
2,bottom,1,1,2,0.677
2,bottom,2,1,2,0.768
2,bottom,3,1,2,0.84
2,bottom,4,1,2,0.894
2,bottom,5,1,2,0.931
2,bottom,-5,1,3,0.142
2,bottom,-4,1,3,0.203
2,bottom,-3,1,3,0.281
2,bottom,-2,1,3,0.375
2,bottom,-1,1,3,0.48
2,bottom,0,1,3,0.59
2,bottom,1,1,3,0.692
2,bottom,2,1,3,0.779
2,bottom,3,1,3,0.848
2,bottom,4,1,3,0.899
2,bottom,5,1,3,0.935
2,bottom,-5,1,4,0.138
2,bottom,-4,1,4,0.201
2,bottom,-3,1,4,0.282
2,bottom,-2,1,4,0.381
2,bottom,-1,1,4,0.491
2,bottom,0,1,4,0.604
2,bottom,1,1,4,0.706
2,bottom,2,1,4,0.792
2,bottom,3,1,4,0.858
2,bottom,4,1,4,0.906
2,bottom,5,1,4,0.94
2,bottom,-5,1,5,0.153
2,bottom,-4,1,5,0.219
2,bottom,-3,1,5,0.302
2,bottom,-2,1,5,0.401
2,bottom,-1,1,5,0.509
2,bottom,0,1,5,0.618
2,bottom,1,1,5,0.717
2,bottom,2,1,5,0.799
2,bottom,3,1,5,0.863
2,bottom,4,1,5,0.91
2,bottom,5,1,5,0.942
2,bottom,-5,1,6,0.17
2,bottom,-4,1,6,0.241
2,bottom,-3,1,6,0.327
2,bottom,-2,1,6,0.428
2,bottom,-1,1,6,0.536
2,bottom,0,1,6,0.642
2,bottom,1,1,6,0.736
2,bottom,2,1,6,0.814
2,bottom,3,1,6,0.874
2,bottom,4,1,6,0.917
2,bottom,5,1,6,0.947
2,bottom,-5,1,7,0.187
2,bottom,-4,1,7,0.259
2,bottom,-3,1,7,0.346
2,bottom,-2,1,7,0.445
2,bottom,-1,1,7,0.549
2,bottom,0,1,7,0.652
2,bottom,1,1,7,0.743
2,bottom,2,1,7,0.819
2,bottom,3,1,7,0.877
2,bottom,4,1,7,0.919
2,bottom,5,1,7,0.948
2,bottom,-5,2,0,0.091
2,bottom,-4,2,0,0.139
2,bottom,-3,2,0,0.204
2,bottom,-2,2,0,0.29
2,bottom,-1,2,0,0.394
2,bottom,0,2,0,0.511
2,bottom,1,2,0,0.626
2,bottom,2,2,0,0.728
2,bottom,3,2,0,0.81
2,bottom,4,2,0,0.872
2,bottom,5,2,0,0.917
2,bottom,-5,2,1,0.098
2,bottom,-4,2,1,0.148
2,bottom,-3,2,1,0.216
2,bottom,-2,2,1,0.304
2,bottom,-1,2,1,0.408
2,bottom,0,2,1,0.524
2,bottom,1,2,1,0.638
2,bottom,2,2,1,0.737
2,bottom,3,2,1,0.817
2,bottom,4,2,1,0.877
2,bottom,5,2,1,0.92
2,bottom,-5,2,2,0.103
2,bottom,-4,2,2,0.155
2,bottom,-3,2,2,0.225
2,bottom,-2,2,2,0.314
2,bottom,-1,2,2,0.419
2,bottom,0,2,2,0.535
2,bottom,1,2,2,0.647
2,bottom,2,2,2,0.744
2,bottom,3,2,2,0.823
2,bottom,4,2,2,0.881
2,bottom,5,2,2,0.923
2,bottom,-5,2,3,0.111
2,bottom,-4,2,3,0.165
2,bottom,-3,2,3,0.236
2,bottom,-2,2,3,0.326
2,bottom,-1,2,3,0.431
2,bottom,0,2,3,0.545
2,bottom,1,2,3,0.655
2,bottom,2,2,3,0.75
2,bottom,3,2,3,0.827
2,bottom,4,2,3,0.884
2,bottom,5,2,3,0.925
2,bottom,-5,2,4,0.104
2,bottom,-4,2,4,0.157
2,bottom,-3,2,4,0.227
2,bottom,-2,2,4,0.317
2,bottom,-1,2,4,0.424
2,bottom,0,2,4,0.539
2,bottom,1,2,4,0.651
2,bottom,2,2,4,0.748
2,bottom,3,2,4,0.825
2,bottom,4,2,4,0.883
2,bottom,5,2,4,0.924
2,bottom,-5,2,5,0.114
2,bottom,-4,2,5,0.168
2,bottom,-3,2,5,0.241
2,bottom,-2,2,5,0.331
2,bottom,-1,2,5,0.437
2,bottom,0,2,5,0.551
2,bottom,1,2,5,0.66
2,bottom,2,2,5,0.754
2,bottom,3,2,5,0.83
2,bottom,4,2,5,0.886
2,bottom,5,2,5,0.926
2,bottom,-5,2,6,0.121
2,bottom,-4,2,6,0.178
2,bottom,-3,2,6,0.252
2,bottom,-2,2,6,0.343
2,bottom,-1,2,6,0.448
2,bottom,0,2,6,0.56
2,bottom,1,2,6,0.668
2,bottom,2,2,6,0.76
2,bottom,3,2,6,0.834
2,bottom,4,2,6,0.889
2,bottom,5,2,6,0.928
2,bottom,-5,2,7,0.134
2,bottom,-4,2,7,0.193
2,bottom,-3,2,7,0.269
2,bottom,-2,2,7,0.361
2,bottom,-1,2,7,0.465
2,bottom,0,2,7,0.575
2,bottom,1,2,7,0.68
2,bottom,2,2,7,0.769
2,bottom,3,2,7,0.84
2,bottom,4,2,7,0.894
2,bottom,5,2,7,0.931
3,top,-5,0,0,0.086
3,top,-4,0,0,0.132
3,top,-3,0,0,0.195
3,top,-2,0,0,0.279
3,top,-1,0,0,0.383
3,top,0,0,0,0.5
3,top,1,0,0,0.617
3,top,2,0,0,0.721
3,top,3,0,0,0.805
3,top,4,0,0,0.868
3,top,5,0,0,0.914
3,top,-5,0,1,0.076
3,top,-4,0,1,0.117
3,top,-3,0,1,0.175
3,top,-2,0,1,0.252
3,top,-1,0,1,0.349
3,top,0,0,1,0.46
3,top,1,0,1,0.574
3,top,2,0,1,0.679
3,top,3,0,1,0.769
3,top,4,0,1,0.84
3,top,5,0,1,0.893
3,top,-5,0,2,0.068
3,top,-4,0,2,0.106
3,top,-3,0,2,0.159
3,top,-2,0,2,0.232
3,top,-1,0,2,0.323
3,top,0,0,2,0.431
3,top,1,0,2,0.546
3,top,2,0,2,0.655
3,top,3,0,2,0.749
3,top,4,0,2,0.825
3,top,5,0,2,0.882
3,top,-5,0,3,0.063
3,top,-4,0,3,0.098
3,top,-3,0,3,0.147
3,top,-2,0,3,0.214
3,top,-1,0,3,0.299
3,top,0,0,3,0.401
3,top,1,0,3,0.51
3,top,2,0,3,0.616
3,top,3,0,3,0.712
3,top,4,0,3,0.793
3,top,5,0,3,0.856
3,top,-5,0,4,0.059
3,top,-4,0,4,0.093
3,top,-3,0,4,0.142
3,top,-2,0,4,0.208
3,top,-1,0,4,0.295
3,top,0,0,4,0.4
3,top,1,0,4,0.516
3,top,2,0,4,0.63
3,top,3,0,4,0.73
3,top,4,0,4,0.811
3,top,5,0,4,0.873
3,top,-5,0,5,0.052
3,top,-4,0,5,0.082
3,top,-3,0,5,0.126
3,top,-2,0,5,0.186
3,top,-1,0,5,0.265
3,top,0,0,5,0.361
3,top,1,0,5,0.471
3,top,2,0,5,0.581
3,top,3,0,5,0.683
3,top,4,0,5,0.77
3,top,5,0,5,0.839
3,top,-5,0,6,0.048
3,top,-4,0,6,0.076
3,top,-3,0,6,0.117
3,top,-2,0,6,0.174
3,top,-1,0,6,0.249
3,top,0,0,6,0.342
3,top,1,0,6,0.448
3,top,2,0,6,0.559
3,top,3,0,6,0.664
3,top,4,0,6,0.755
3,top,5,0,6,0.828
3,top,-5,0,7,0.044
3,top,-4,0,7,0.07
3,top,-3,0,7,0.108
3,top,-2,0,7,0.161
3,top,-1,0,7,0.23
3,top,0,0,7,0.317
3,top,1,0,7,0.418
3,top,2,0,7,0.524
3,top,3,0,7,0.627
3,top,4,0,7,0.72
3,top,5,0,7,0.798
3,top,-5,1,0,0.092
3,top,-4,1,0,0.141
3,top,-3,1,0,0.208
3,top,-2,1,0,0.296
3,top,-1,1,0,0.404
3,top,0,1,0,0.525
3,top,1,1,0,0.643
3,top,2,1,0,0.745
3,top,3,1,0,0.825
3,top,4,1,0,0.885
3,top,5,1,0,0.927
3,top,-5,1,1,0.085
3,top,-4,1,1,0.131
3,top,-3,1,1,0.194
3,top,-2,1,1,0.278
3,top,-1,1,1,0.38
3,top,0,1,1,0.497
3,top,1,1,1,0.614
3,top,2,1,1,0.717
3,top,3,1,1,0.802
3,top,4,1,1,0.866
3,top,5,1,1,0.913
3,top,-5,1,2,0.08
3,top,-4,1,2,0.123
3,top,-3,1,2,0.184
3,top,-2,1,2,0.264
3,top,-1,1,2,0.364
3,top,0,1,2,0.478
3,top,1,1,2,0.595
3,top,2,1,2,0.701
3,top,3,1,2,0.789
3,top,4,1,2,0.857
3,top,5,1,2,0.906
3,top,-5,1,3,0.076
3,top,-4,1,3,0.117
3,top,-3,1,3,0.175
3,top,-2,1,3,0.251
3,top,-1,1,3,0.347
3,top,0,1,3,0.457
3,top,1,1,3,0.571
3,top,2,1,3,0.676
3,top,3,1,3,0.765
3,top,4,1,3,0.837
3,top,5,1,3,0.89
3,top,-5,1,4,0.07
3,top,-4,1,4,0.109
3,top,-3,1,4,0.164
3,top,-2,1,4,0.238
3,top,-1,1,4,0.332
3,top,0,1,4,0.443
3,top,1,1,4,0.561
3,top,2,1,4,0.673
3,top,3,1,4,0.767
3,top,4,1,4,0.841
3,top,5,1,4,0.895
3,top,-5,1,5,0.067
3,top,-4,1,5,0.104
3,top,-3,1,5,0.157
3,top,-2,1,5,0.229
3,top,-1,1,5,0.32
3,top,0,1,5,0.427
3,top,1,1,5,0.542
3,top,2,1,5,0.651
3,top,3,1,5,0.746
3,top,4,1,5,0.823
3,top,5,1,5,0.881
3,top,-5,1,6,0.062
3,top,-4,1,6,0.096
3,top,-3,1,6,0.145
3,top,-2,1,6,0.213
3,top,-1,1,6,0.299
3,top,0,1,6,0.402
3,top,1,1,6,0.514
3,top,2,1,6,0.624
3,top,3,1,6,0.722
3,top,4,1,6,0.803
3,top,5,1,6,0.866
3,top,-5,1,7,0.06
3,top,-4,1,7,0.094
3,top,-3,1,7,0.142
3,top,-2,1,7,0.207
3,top,-1,1,7,0.29
3,top,0,1,7,0.39
3,top,1,1,7,0.498
3,top,2,1,7,0.605
3,top,3,1,7,0.702
3,top,4,1,7,0.784
3,top,5,1,7,0.849
3,top,-5,2,0,0.096
3,top,-4,2,0,0.147
3,top,-3,2,0,0.217
3,top,-2,2,0,0.309
3,top,-1,2,0,0.42
3,top,0,2,0,0.543
3,top,1,2,0,0.661
3,top,2,2,0,0.762
3,top,3,2,0,0.839
3,top,4,2,0,0.896
3,top,5,2,0,0.935
3,top,-5,2,1,0.093
3,top,-4,2,1,0.142
3,top,-3,2,1,0.21
3,top,-2,2,1,0.299
3,top,-1,2,1,0.407
3,top,0,2,1,0.528
3,top,1,2,1,0.647
3,top,2,2,1,0.748
3,top,3,2,1,0.828
3,top,4,2,1,0.887
3,top,5,2,1,0.928
3,top,-5,2,2,0.089
3,top,-4,2,2,0.137
3,top,-3,2,2,0.203
3,top,-2,2,2,0.29
3,top,-1,2,2,0.397
3,top,0,2,2,0.517
3,top,1,2,2,0.635
3,top,2,2,2,0.738
3,top,3,2,2,0.82
3,top,4,2,2,0.882
3,top,5,2,2,0.924
3,top,-5,2,3,0.087
3,top,-4,2,3,0.134
3,top,-3,2,3,0.199
3,top,-2,2,3,0.284
3,top,-1,2,3,0.388
3,top,0,2,3,0.506
3,top,1,2,3,0.623
3,top,2,2,3,0.725
3,top,3,2,3,0.809
3,top,4,2,3,0.872
3,top,5,2,3,0.917
3,top,-5,2,4,0.088
3,top,-4,2,4,0.135
3,top,-3,2,4,0.201
3,top,-2,2,4,0.287
3,top,-1,2,4,0.393
3,top,0,2,4,0.512
3,top,1,2,4,0.631
3,top,2,2,4,0.735
3,top,3,2,4,0.818
3,top,4,2,4,0.88
3,top,5,2,4,0.923
3,top,-5,2,5,0.085
3,top,-4,2,5,0.131
3,top,-3,2,5,0.195
3,top,-2,2,5,0.279
3,top,-1,2,5,0.383
3,top,0,2,5,0.5
3,top,1,2,5,0.617
3,top,2,2,5,0.721
3,top,3,2,5,0.805
3,top,4,2,5,0.869
3,top,5,2,5,0.915
3,top,-5,2,6,0.083
3,top,-4,2,6,0.128
3,top,-3,2,6,0.191
3,top,-2,2,6,0.273
3,top,-1,2,6,0.374
3,top,0,2,6,0.489
3,top,1,2,6,0.605
3,top,2,2,6,0.708
3,top,3,2,6,0.794
3,top,4,2,6,0.86
3,top,5,2,6,0.908
3,top,-5,2,7,0.08
3,top,-4,2,7,0.123
3,top,-3,2,7,0.183
3,top,-2,2,7,0.262
3,top,-1,2,7,0.361
3,top,0,2,7,0.473
3,top,1,2,7,0.587
3,top,2,2,7,0.69
3,top,3,2,7,0.777
3,top,4,2,7,0.845
3,top,5,2,7,0.896
3,bottom,-5,0,0,0.099
3,bottom,-4,0,0,0.152
3,bottom,-3,0,0,0.224
3,bottom,-2,0,0,0.317
3,bottom,-1,0,0,0.43
3,bottom,0,0,0,0.554
3,bottom,1,0,0,0.673
3,bottom,2,0,0,0.772
3,bottom,3,0,0,0.848
3,bottom,4,0,0,0.902
3,bottom,5,0,0,0.939
3,bottom,-5,0,1,0.124
3,bottom,-4,0,1,0.184
3,bottom,-3,0,1,0.263
3,bottom,-2,0,1,0.361
3,bottom,-1,0,1,0.474
3,bottom,0,0,1,0.594
3,bottom,1,0,1,0.705
3,bottom,2,0,1,0.796
3,bottom,3,0,1,0.864
3,bottom,4,0,1,0.913
3,bottom,5,0,1,0.946
3,bottom,-5,0,2,0.136
3,bottom,-4,0,2,0.2
3,bottom,-3,0,2,0.284
3,bottom,-2,0,2,0.388
3,bottom,-1,0,2,0.505
3,bottom,0,0,2,0.623
3,bottom,1,0,2,0.729
3,bottom,2,0,2,0.815
3,bottom,3,0,2,0.878
3,bottom,4,0,2,0.923
3,bottom,5,0,2,0.952
3,bottom,-5,0,3,0.165
3,bottom,-4,0,3,0.236
3,bottom,-3,0,3,0.324
3,bottom,-2,0,3,0.427
3,bottom,-1,0,3,0.54
3,bottom,0,0,3,0.651
3,bottom,1,0,3,0.75
3,bottom,2,0,3,0.829
3,bottom,3,0,3,0.888
3,bottom,4,0,3,0.929
3,bottom,5,0,3,0.956
3,bottom,-5,0,4,0.147
3,bottom,-4,0,4,0.216
3,bottom,-3,0,4,0.307
3,bottom,-2,0,4,0.416
3,bottom,-1,0,4,0.537
3,bottom,0,0,4,0.655
3,bottom,1,0,4,0.757
3,bottom,2,0,4,0.836
3,bottom,3,0,4,0.893
3,bottom,4,0,4,0.933
3,bottom,5,0,4,0.959
3,bottom,-5,0,5,0.184
3,bottom,-4,0,5,0.261
3,bottom,-3,0,5,0.356
3,bottom,-2,0,5,0.465
3,bottom,-1,0,5,0.581
3,bottom,0,0,5,0.691
3,bottom,1,0,5,0.783
3,bottom,2,0,5,0.854
3,bottom,3,0,5,0.906
3,bottom,4,0,5,0.941
3,bottom,5,0,5,0.964
3,bottom,-5,0,6,0.196
3,bottom,-4,0,6,0.278
3,bottom,-3,0,6,0.377
3,bottom,-2,0,6,0.489
3,bottom,-1,0,6,0.604
3,bottom,0,0,6,0.71
3,bottom,1,0,6,0.798
3,bottom,2,0,6,0.865
3,bottom,3,0,6,0.913
3,bottom,4,0,6,0.946
3,bottom,5,0,6,0.967
3,bottom,-5,0,7,0.23
3,bottom,-4,0,7,0.315
3,bottom,-3,0,7,0.415
3,bottom,-2,0,7,0.524
3,bottom,-1,0,7,0.633
3,bottom,0,0,7,0.732
3,bottom,1,0,7,0.813
3,bottom,2,0,7,0.875
3,bottom,3,0,7,0.92
3,bottom,4,0,7,0.95
3,bottom,5,0,7,0.97
3,bottom,-5,1,0,0.085
3,bottom,-4,1,0,0.133
3,bottom,-3,1,0,0.201
3,bottom,-2,1,0,0.291
3,bottom,-1,1,0,0.403
3,bottom,0,1,0,0.529
3,bottom,1,1,0,0.653
3,bottom,2,1,0,0.757
3,bottom,3,1,0,0.837
3,bottom,4,1,0,0.895
3,bottom,5,1,0,0.934
3,bottom,-5,1,1,0.101
3,bottom,-4,1,1,0.154
3,bottom,-3,1,1,0.227
3,bottom,-2,1,1,0.321
3,bottom,-1,1,1,0.433
3,bottom,0,1,1,0.557
3,bottom,1,1,1,0.675
3,bottom,2,1,1,0.774
3,bottom,3,1,1,0.849
3,bottom,4,1,1,0.903
3,bottom,5,1,1,0.94
3,bottom,-5,1,2,0.109
3,bottom,-4,1,2,0.165
3,bottom,-3,1,2,0.241
3,bottom,-2,1,2,0.338
3,bottom,-1,1,2,0.453
3,bottom,0,1,2,0.576
3,bottom,1,1,2,0.691
3,bottom,2,1,2,0.786
3,bottom,3,1,2,0.858
3,bottom,4,1,2,0.909
3,bottom,5,1,2,0.944
3,bottom,-5,1,3,0.127
3,bottom,-4,1,3,0.187
3,bottom,-3,1,3,0.267
3,bottom,-2,1,3,0.365
3,bottom,-1,1,3,0.477
3,bottom,0,1,3,0.596
3,bottom,1,1,3,0.706
3,bottom,2,1,3,0.796
3,bottom,3,1,3,0.865
3,bottom,4,1,3,0.913
3,bottom,5,1,3,0.946
3,bottom,-5,1,4,0.122
3,bottom,-4,1,4,0.183
3,bottom,-3,1,4,0.266
3,bottom,-2,1,4,0.37
3,bottom,-1,1,4,0.49
3,bottom,0,1,4,0.612
3,bottom,1,1,4,0.722
3,bottom,2,1,4,0.81
3,bottom,3,1,4,0.875
3,bottom,4,1,4,0.921
3,bottom,5,1,4,0.951
3,bottom,-5,1,5,0.137
3,bottom,-4,1,5,0.203
3,bottom,-3,1,5,0.288
3,bottom,-2,1,5,0.392
3,bottom,-1,1,5,0.509
3,bottom,0,1,5,0.627
3,bottom,1,1,5,0.733
3,bottom,2,1,5,0.817
3,bottom,3,1,5,0.88
3,bottom,4,1,5,0.924
3,bottom,5,1,5,0.953
3,bottom,-5,1,6,0.155
3,bottom,-4,1,6,0.225
3,bottom,-3,1,6,0.315
3,bottom,-2,1,6,0.421
3,bottom,-1,1,6,0.538
3,bottom,0,1,6,0.652
3,bottom,1,1,6,0.752
3,bottom,2,1,6,0.831
3,bottom,3,1,6,0.889
3,bottom,4,1,6,0.93
3,bottom,5,1,6,0.957
3,bottom,-5,1,7,0.173
3,bottom,-4,1,7,0.245
3,bottom,-3,1,7,0.335
3,bottom,-2,1,7,0.439
3,bottom,-1,1,7,0.551
3,bottom,0,1,7,0.662
3,bottom,1,1,7,0.759
3,bottom,2,1,7,0.835
3,bottom,3,1,7,0.892
3,bottom,4,1,7,0.932
3,bottom,5,1,7,0.958
3,bottom,-5,2,0,0.076
3,bottom,-4,2,0,0.121
3,bottom,-3,2,0,0.185
3,bottom,-2,2,0,0.273
3,bottom,-1,2,0,0.384
3,bottom,0,2,0,0.512
3,bottom,1,2,0,0.638
3,bottom,2,2,0,0.746
3,bottom,3,2,0,0.829
3,bottom,4,2,0,0.89
3,bottom,5,2,0,0.931
3,bottom,-5,2,1,0.084
3,bottom,-4,2,1,0.131
3,bottom,-3,2,1,0.198
3,bottom,-2,2,1,0.288
3,bottom,-1,2,1,0.399
3,bottom,0,2,1,0.526
3,bottom,1,2,1,0.65
3,bottom,2,2,1,0.754
3,bottom,3,2,1,0.835
3,bottom,4,2,1,0.894
3,bottom,5,2,1,0.934
3,bottom,-5,2,2,0.088
3,bottom,-4,2,2,0.137
3,bottom,-3,2,2,0.206
3,bottom,-2,2,2,0.298
3,bottom,-1,2,2,0.411
3,bottom,0,2,2,0.538
3,bottom,1,2,2,0.66
3,bottom,2,2,2,0.762
3,bottom,3,2,2,0.841
3,bottom,4,2,2,0.898
3,bottom,5,2,2,0.936
3,bottom,-5,2,3,0.097
3,bottom,-4,2,3,0.148
3,bottom,-3,2,3,0.219
3,bottom,-2,2,3,0.312
3,bottom,-1,2,3,0.424
3,bottom,0,2,3,0.548
3,bottom,1,2,3,0.668
3,bottom,2,2,3,0.768
3,bottom,3,2,3,0.845
3,bottom,4,2,3,0.9
3,bottom,5,2,3,0.938
3,bottom,-5,2,4,0.089
3,bottom,-4,2,4,0.139
3,bottom,-3,2,4,0.209
3,bottom,-2,2,4,0.302
3,bottom,-1,2,4,0.416
3,bottom,0,2,4,0.543
3,bottom,1,2,4,0.664
3,bottom,2,2,4,0.765
3,bottom,3,2,4,0.843
3,bottom,4,2,4,0.899
3,bottom,5,2,4,0.937
3,bottom,-5,2,5,0.099
3,bottom,-4,2,5,0.151
3,bottom,-3,2,5,0.223
3,bottom,-2,2,5,0.317
3,bottom,-1,2,5,0.43
3,bottom,0,2,5,0.555
3,bottom,1,2,5,0.673
3,bottom,2,2,5,0.772
3,bottom,3,2,5,0.848
3,bottom,4,2,5,0.902
3,bottom,5,2,5,0.939
3,bottom,-5,2,6,0.106
3,bottom,-4,2,6,0.161
3,bottom,-3,2,6,0.235
3,bottom,-2,2,6,0.33
3,bottom,-1,2,6,0.442
3,bottom,0,2,6,0.565
3,bottom,1,2,6,0.681
3,bottom,2,2,6,0.778
3,bottom,3,2,6,0.852
3,bottom,4,2,6,0.905
3,bottom,5,2,6,0.941
3,bottom,-5,2,7,0.12
3,bottom,-4,2,7,0.177
3,bottom,-3,2,7,0.254
3,bottom,-2,2,7,0.349
3,bottom,-1,2,7,0.461
3,bottom,0,2,7,0.58
3,bottom,1,2,7,0.693
3,bottom,2,2,7,0.787
3,bottom,3,2,7,0.858
3,bottom,4,2,7,0.909
3,bottom,5,2,7,0.943
4,top,-5,0,0,0.071
4,top,-4,0,0,0.114
4,top,-3,0,0,0.176
4,top,-2,0,0,0.262
4,top,-1,0,0,0.371
4,top,0,0,0,0.5
4,top,1,0,0,0.629
4,top,2,0,0,0.738
4,top,3,0,0,0.824
4,top,4,0,0,0.886
4,top,5,0,0,0.929
4,top,-5,0,1,0.063
4,top,-4,0,1,0.101
4,top,-3,0,1,0.157
4,top,-2,0,1,0.235
4,top,-1,0,1,0.336
4,top,0,0,1,0.456
4,top,1,0,1,0.582
4,top,2,0,1,0.694
4,top,3,0,1,0.786
4,top,4,0,1,0.857
4,top,5,0,1,0.908
4,top,-5,0,2,0.056
4,top,-4,0,2,0.09
4,top,-3,0,2,0.141
4,top,-2,0,2,0.213
4,top,-1,0,2,0.308
4,top,0,0,2,0.425
4,top,1,0,2,0.551
4,top,2,0,2,0.668
4,top,3,0,2,0.767
4,top,4,0,2,0.843
4,top,5,0,2,0.898
4,top,-5,0,3,0.051
4,top,-4,0,3,0.083
4,top,-3,0,3,0.13
4,top,-2,0,3,0.197
4,top,-1,0,3,0.285
4,top,0,0,3,0.393
4,top,1,0,3,0.512
4,top,2,0,3,0.626
4,top,3,0,3,0.727
4,top,4,0,3,0.809
4,top,5,0,3,0.871
4,top,-5,0,4,0.048
4,top,-4,0,4,0.078
4,top,-3,0,4,0.124
4,top,-2,0,4,0.19
4,top,-1,0,4,0.278
4,top,0,0,4,0.39
4,top,1,0,4,0.517
4,top,2,0,4,0.642
4,top,3,0,4,0.747
4,top,4,0,4,0.83
4,top,5,0,4,0.89
4,top,-5,0,5,0.042
4,top,-4,0,5,0.069
4,top,-3,0,5,0.11
4,top,-2,0,5,0.168
4,top,-1,0,5,0.248
4,top,0,0,5,0.35
4,top,1,0,5,0.469
4,top,2,0,5,0.589
4,top,3,0,5,0.697
4,top,4,0,5,0.787
4,top,5,0,5,0.855
4,top,-5,0,6,0.039
4,top,-4,0,6,0.063
4,top,-3,0,6,0.101
4,top,-2,0,6,0.156
4,top,-1,0,6,0.232
4,top,0,0,6,0.329
4,top,1,0,6,0.444
4,top,2,0,6,0.565
4,top,3,0,6,0.677
4,top,4,0,6,0.772
4,top,5,0,6,0.845
4,top,-5,0,7,0.036
4,top,-4,0,7,0.059
4,top,-3,0,7,0.093
4,top,-2,0,7,0.144
4,top,-1,0,7,0.214
4,top,0,0,7,0.305
4,top,1,0,7,0.413
4,top,2,0,7,0.527
4,top,3,0,7,0.637
4,top,4,0,7,0.734
4,top,5,0,7,0.813
4,top,-5,1,0,0.077
4,top,-4,1,0,0.122
4,top,-3,1,0,0.188
4,top,-2,1,0,0.279
4,top,-1,1,0,0.394
4,top,0,1,0,0.527
4,top,1,1,0,0.657
4,top,2,1,0,0.764
4,top,3,1,0,0.845
4,top,4,1,0,0.902
4,top,5,1,0,0.94
4,top,-5,1,1,0.071
4,top,-4,1,1,0.113
4,top,-3,1,1,0.175
4,top,-2,1,1,0.26
4,top,-1,1,1,0.369
4,top,0,1,1,0.497
4,top,1,1,1,0.625
4,top,2,1,1,0.735
4,top,3,1,1,0.821
4,top,4,1,1,0.884
4,top,5,1,1,0.927
4,top,-5,1,2,0.066
4,top,-4,1,2,0.106
4,top,-3,1,2,0.165
4,top,-2,1,2,0.246
4,top,-1,1,2,0.351
4,top,0,1,2,0.476
4,top,1,1,2,0.605
4,top,2,1,2,0.718
4,top,3,1,2,0.808
4,top,4,1,2,0.875
4,top,5,1,2,0.921
4,top,-5,1,3,0.063
4,top,-4,1,3,0.101
4,top,-3,1,3,0.156
4,top,-2,1,3,0.234
4,top,-1,1,3,0.334
4,top,0,1,3,0.454
4,top,1,1,3,0.578
4,top,2,1,3,0.69
4,top,3,1,3,0.783
4,top,4,1,3,0.854
4,top,5,1,3,0.905
4,top,-5,1,4,0.057
4,top,-4,1,4,0.093
4,top,-3,1,4,0.145
4,top,-2,1,4,0.219
4,top,-1,1,4,0.317
4,top,0,1,4,0.437
4,top,1,1,4,0.567
4,top,2,1,4,0.688
4,top,3,1,4,0.786
4,top,4,1,4,0.859
4,top,5,1,4,0.911
4,top,-5,1,5,0.055
4,top,-4,1,5,0.089
4,top,-3,1,5,0.14
4,top,-2,1,5,0.211
4,top,-1,1,5,0.305
4,top,0,1,5,0.421
4,top,1,1,5,0.546
4,top,2,1,5,0.664
4,top,3,1,5,0.764
4,top,4,1,5,0.841
4,top,5,1,5,0.897
4,top,-5,1,6,0.05
4,top,-4,1,6,0.082
4,top,-3,1,6,0.128
4,top,-2,1,6,0.195
4,top,-1,1,6,0.283
4,top,0,1,6,0.393
4,top,1,1,6,0.515
4,top,2,1,6,0.634
4,top,3,1,6,0.738
4,top,4,1,6,0.82
4,top,5,1,6,0.882
4,top,-5,1,7,0.049
4,top,-4,1,7,0.08
4,top,-3,1,7,0.125
4,top,-2,1,7,0.19
4,top,-1,1,7,0.276
4,top,0,1,7,0.382
4,top,1,1,7,0.499
4,top,2,1,7,0.614
4,top,3,1,7,0.716
4,top,4,1,7,0.8
4,top,5,1,7,0.865
4,top,-5,2,0,0.081
4,top,-4,2,0,0.128
4,top,-3,2,0,0.197
4,top,-2,2,0,0.291
4,top,-1,2,0,0.41
4,top,0,2,0,0.546
4,top,1,2,0,0.677
4,top,2,2,0,0.782
4,top,3,2,0,0.86
4,top,4,2,0,0.913
4,top,5,2,0,0.948
4,top,-5,2,1,0.078
4,top,-4,2,1,0.124
4,top,-3,2,1,0.19
4,top,-2,2,1,0.281
4,top,-1,2,1,0.397
4,top,0,2,1,0.531
4,top,1,2,1,0.661
4,top,2,2,1,0.768
4,top,3,2,1,0.848
4,top,4,2,1,0.904
4,top,5,2,1,0.942
4,top,-5,2,2,0.075
4,top,-4,2,2,0.119
4,top,-3,2,2,0.184
4,top,-2,2,2,0.272
4,top,-1,2,2,0.386
4,top,0,2,2,0.518
4,top,1,2,2,0.649
4,top,2,2,2,0.758
4,top,3,2,2,0.84
4,top,4,2,2,0.899
4,top,5,2,2,0.939
4,top,-5,2,3,0.073
4,top,-4,2,3,0.116
4,top,-3,2,3,0.179
4,top,-2,2,3,0.266
4,top,-1,2,3,0.377
4,top,0,2,3,0.507
4,top,1,2,3,0.635
4,top,2,2,3,0.743
4,top,3,2,3,0.828
4,top,4,2,3,0.889
4,top,5,2,3,0.931
4,top,-5,2,4,0.073
4,top,-4,2,4,0.117
4,top,-3,2,4,0.181
4,top,-2,2,4,0.269
4,top,-1,2,4,0.381
4,top,0,2,4,0.513
4,top,1,2,4,0.644
4,top,2,2,4,0.754
4,top,3,2,4,0.838
4,top,4,2,4,0.898
4,top,5,2,4,0.938
4,top,-5,2,5,0.071
4,top,-4,2,5,0.114
4,top,-3,2,5,0.176
4,top,-2,2,5,0.261
4,top,-1,2,5,0.371
4,top,0,2,5,0.5
4,top,1,2,5,0.629
4,top,2,2,5,0.738
4,top,3,2,5,0.824
4,top,4,2,5,0.887
4,top,5,2,5,0.93
4,top,-5,2,6,0.07
4,top,-4,2,6,0.111
4,top,-3,2,6,0.172
4,top,-2,2,6,0.255
4,top,-1,2,6,0.362
4,top,0,2,6,0.489
4,top,1,2,6,0.615
4,top,2,2,6,0.725
4,top,3,2,6,0.813
4,top,4,2,6,0.878
4,top,5,2,6,0.923
4,top,-5,2,7,0.066
4,top,-4,2,7,0.106
4,top,-3,2,7,0.165
4,top,-2,2,7,0.245
4,top,-1,2,7,0.349
4,top,0,2,7,0.471
4,top,1,2,7,0.596
4,top,2,2,7,0.705
4,top,3,2,7,0.794
4,top,4,2,7,0.862
4,top,5,2,7,0.911
4,bottom,-5,0,0,0.083
4,bottom,-4,0,0,0.133
4,bottom,-3,0,0,0.203
4,bottom,-2,0,0,0.3
4,bottom,-1,0,0,0.421
4,bottom,0,0,0,0.559
4,bottom,1,0,0,0.69
4,bottom,2,0,0,0.793
4,bottom,3,0,0,0.868
4,bottom,4,0,0,0.919
4,bottom,5,0,0,0.952
4,bottom,-5,0,1,0.107
4,bottom,-4,0,1,0.165
4,bottom,-3,0,1,0.245
4,bottom,-2,0,1,0.347
4,bottom,-1,0,1,0.47
4,bottom,0,0,1,0.602
4,bottom,1,0,1,0.723
4,bottom,2,0,1,0.816
4,bottom,3,0,1,0.884
4,bottom,4,0,1,0.929
4,bottom,5,0,1,0.958
4,bottom,-5,0,2,0.119
4,bottom,-4,0,2,0.181
4,bottom,-3,0,2,0.267
4,bottom,-2,0,2,0.376
4,bottom,-1,0,2,0.503
4,bottom,0,0,2,0.634
4,bottom,1,0,2,0.748
4,bottom,2,0,2,0.835
4,bottom,3,0,2,0.896
4,bottom,4,0,2,0.937
4,bottom,5,0,2,0.963
4,bottom,-5,0,3,0.148
4,bottom,-4,0,3,0.219
4,bottom,-3,0,3,0.31
4,bottom,-2,0,3,0.42
4,bottom,-1,0,3,0.541
4,bottom,0,0,3,0.663
4,bottom,1,0,3,0.768
4,bottom,2,0,3,0.848
4,bottom,3,0,3,0.905
4,bottom,4,0,3,0.942
4,bottom,5,0,3,0.966
4,bottom,-5,0,4,0.128
4,bottom,-4,0,4,0.197
4,bottom,-3,0,4,0.289
4,bottom,-2,0,4,0.406
4,bottom,-1,0,4,0.54
4,bottom,0,0,4,0.67
4,bottom,1,0,4,0.777
4,bottom,2,0,4,0.856
4,bottom,3,0,4,0.911
4,bottom,4,0,4,0.947
4,bottom,5,0,4,0.969
4,bottom,-5,0,5,0.166
4,bottom,-4,0,5,0.244
4,bottom,-3,0,5,0.343
4,bottom,-2,0,5,0.46
4,bottom,-1,0,5,0.587
4,bottom,0,0,5,0.706
4,bottom,1,0,5,0.803
4,bottom,2,0,5,0.873
4,bottom,3,0,5,0.922
4,bottom,4,0,5,0.953
4,bottom,5,0,5,0.973
4,bottom,-5,0,6,0.179
4,bottom,-4,0,6,0.261
4,bottom,-3,0,6,0.365
4,bottom,-2,0,6,0.487
4,bottom,-1,0,6,0.612
4,bottom,0,0,6,0.726
4,bottom,1,0,6,0.817
4,bottom,2,0,6,0.883
4,bottom,3,0,6,0.928
4,bottom,4,0,6,0.957
4,bottom,5,0,6,0.975
4,bottom,-5,0,7,0.214
4,bottom,-4,0,7,0.302
4,bottom,-3,0,7,0.407
4,bottom,-2,0,7,0.524
4,bottom,-1,0,7,0.642
4,bottom,0,0,7,0.747
4,bottom,1,0,7,0.832
4,bottom,2,0,7,0.892
4,bottom,3,0,7,0.934
4,bottom,4,0,7,0.961
4,bottom,5,0,7,0.977
4,bottom,-5,1,0,0.07
4,bottom,-4,1,0,0.114
4,bottom,-3,1,0,0.18
4,bottom,-2,1,0,0.271
4,bottom,-1,1,0,0.391
4,bottom,0,1,0,0.532
4,bottom,1,1,0,0.67
4,bottom,2,1,0,0.779
4,bottom,3,1,0,0.858
4,bottom,4,1,0,0.913
4,bottom,5,1,0,0.948
4,bottom,-5,1,1,0.085
4,bottom,-4,1,1,0.135
4,bottom,-3,1,1,0.207
4,bottom,-2,1,1,0.304
4,bottom,-1,1,1,0.425
4,bottom,0,1,1,0.562
4,bottom,1,1,1,0.692
4,bottom,2,1,1,0.795
4,bottom,3,1,1,0.869
4,bottom,4,1,1,0.92
4,bottom,5,1,1,0.952
4,bottom,-5,1,2,0.092
4,bottom,-4,1,2,0.145
4,bottom,-3,1,2,0.221
4,bottom,-2,1,2,0.322
4,bottom,-1,1,2,0.447
4,bottom,0,1,2,0.583
4,bottom,1,1,2,0.709
4,bottom,2,1,2,0.807
4,bottom,3,1,2,0.878
4,bottom,4,1,2,0.925
4,bottom,5,1,2,0.956
4,bottom,-5,1,3,0.11
4,bottom,-4,1,3,0.169
4,bottom,-3,1,3,0.249
4,bottom,-2,1,3,0.351
4,bottom,-1,1,3,0.473
4,bottom,0,1,3,0.604
4,bottom,1,1,3,0.724
4,bottom,2,1,3,0.817
4,bottom,3,1,3,0.884
4,bottom,4,1,3,0.929
4,bottom,5,1,3,0.958
4,bottom,-5,1,4,0.104
4,bottom,-4,1,4,0.163
4,bottom,-3,1,4,0.247
4,bottom,-2,1,4,0.356
4,bottom,-1,1,4,0.487
4,bottom,0,1,4,0.624
4,bottom,1,1,4,0.742
4,bottom,2,1,4,0.831
4,bottom,3,1,4,0.894
4,bottom,4,1,4,0.936
4,bottom,5,1,4,0.962
4,bottom,-5,1,5,0.12
4,bottom,-4,1,5,0.184
4,bottom,-3,1,5,0.271
4,bottom,-2,1,5,0.38
4,bottom,-1,1,5,0.508
4,bottom,0,1,5,0.638
4,bottom,1,1,5,0.752
4,bottom,2,1,5,0.837
4,bottom,3,1,5,0.898
4,bottom,4,1,5,0.938
4,bottom,5,1,5,0.964
4,bottom,-5,1,6,0.137
4,bottom,-4,1,6,0.207
4,bottom,-3,1,6,0.299
4,bottom,-2,1,6,0.413
4,bottom,-1,1,6,0.54
4,bottom,0,1,6,0.665
4,bottom,1,1,6,0.771
4,bottom,2,1,6,0.851
4,bottom,3,1,6,0.907
4,bottom,4,1,6,0.944
4,bottom,5,1,6,0.967
4,bottom,-5,1,7,0.156
4,bottom,-4,1,7,0.229
4,bottom,-3,1,7,0.322
4,bottom,-2,1,7,0.432
4,bottom,-1,1,7,0.554
4,bottom,0,1,7,0.674
4,bottom,1,1,7,0.777
4,bottom,2,1,7,0.854
4,bottom,3,1,7,0.909
4,bottom,4,1,7,0.945
4,bottom,5,1,7,0.968
4,bottom,-5,2,0,0.061
4,bottom,-4,2,0,0.102
4,bottom,-3,2,0,0.163
4,bottom,-2,2,0,0.252
4,bottom,-1,2,0,0.369
4,bottom,0,2,0,0.513
4,bottom,1,2,0,0.655
4,bottom,2,2,0,0.768
4,bottom,3,2,0,0.851
4,bottom,4,2,0,0.908
4,bottom,5,2,0,0.945
4,bottom,-5,2,1,0.068
4,bottom,-4,2,1,0.112
4,bottom,-3,2,1,0.177
4,bottom,-2,2,1,0.268
4,bottom,-1,2,1,0.387
4,bottom,0,2,1,0.528
4,bottom,1,2,1,0.666
4,bottom,2,2,1,0.776
4,bottom,3,2,1,0.857
4,bottom,4,2,1,0.912
4,bottom,5,2,1,0.948
4,bottom,-5,2,2,0.072
4,bottom,-4,2,2,0.118
4,bottom,-3,2,2,0.185
4,bottom,-2,2,2,0.279
4,bottom,-1,2,2,0.4
4,bottom,0,2,2,0.542
4,bottom,1,2,2,0.677
4,bottom,2,2,2,0.784
4,bottom,3,2,2,0.862
4,bottom,4,2,2,0.915
4,bottom,5,2,2,0.95
4,bottom,-5,2,3,0.081
4,bottom,-4,2,3,0.129
4,bottom,-3,2,3,0.199
4,bottom,-2,2,3,0.294
4,bottom,-1,2,3,0.414
4,bottom,0,2,3,0.552
4,bottom,1,2,3,0.685
4,bottom,2,2,3,0.789
4,bottom,3,2,3,0.866
4,bottom,4,2,3,0.917
4,bottom,5,2,3,0.951
4,bottom,-5,2,4,0.073
4,bottom,-4,2,4,0.12
4,bottom,-3,2,4,0.188
4,bottom,-2,2,4,0.283
4,bottom,-1,2,4,0.405
4,bottom,0,2,4,0.547
4,bottom,1,2,4,0.681
4,bottom,2,2,4,0.787
4,bottom,3,2,4,0.864
4,bottom,4,2,4,0.917
4,bottom,5,2,4,0.951
4,bottom,-5,2,5,0.083
4,bottom,-4,2,5,0.132
4,bottom,-3,2,5,0.203
4,bottom,-2,2,5,0.3
4,bottom,-1,2,5,0.421
4,bottom,0,2,5,0.56
4,bottom,1,2,5,0.691
4,bottom,2,2,5,0.794
4,bottom,3,2,5,0.868
4,bottom,4,2,5,0.919
4,bottom,5,2,5,0.952
4,bottom,-5,2,6,0.09
4,bottom,-4,2,6,0.142
4,bottom,-3,2,6,0.216
4,bottom,-2,2,6,0.314
4,bottom,-1,2,6,0.434
4,bottom,0,2,6,0.57
4,bottom,1,2,6,0.698
4,bottom,2,2,6,0.799
4,bottom,3,2,6,0.872
4,bottom,4,2,6,0.921
4,bottom,5,2,6,0.953
4,bottom,-5,2,7,0.104
4,bottom,-4,2,7,0.159
4,bottom,-3,2,7,0.236
4,bottom,-2,2,7,0.335
4,bottom,-1,2,7,0.454
4,bottom,0,2,7,0.586
4,bottom,1,2,7,0.71
4,bottom,2,2,7,0.807
4,bottom,3,2,7,0.877
4,bottom,4,2,7,0.925
4,bottom,5,2,7,0.955
5,top,-5,0,0,0.057
5,top,-4,0,0,0.095
5,top,-3,0,0,0.154
5,top,-2,0,0,0.239
5,top,-1,0,0,0.356
5,top,0,0,0,0.5
5,top,1,0,0,0.644
5,top,2,0,0,0.761
5,top,3,0,0,0.846
5,top,4,0,0,0.905
5,top,5,0,0,0.943
5,top,-5,0,1,0.05
5,top,-4,0,1,0.084
5,top,-3,0,1,0.136
5,top,-2,0,1,0.213
5,top,-1,0,1,0.319
5,top,0,0,1,0.453
5,top,1,0,1,0.592
5,top,2,0,1,0.712
5,top,3,0,1,0.807
5,top,4,0,1,0.876
5,top,5,0,1,0.923
5,top,-5,0,2,0.044
5,top,-4,0,2,0.074
5,top,-3,0,2,0.121
5,top,-2,0,2,0.192
5,top,-1,0,2,0.29
5,top,0,0,2,0.417
5,top,1,0,2,0.557
5,top,2,0,2,0.685
5,top,3,0,2,0.788
5,top,4,0,2,0.863
5,top,5,0,2,0.915
5,top,-5,0,3,0.04
5,top,-4,0,3,0.068
5,top,-3,0,3,0.111
5,top,-2,0,3,0.176
5,top,-1,0,3,0.267
5,top,0,0,3,0.385
5,top,1,0,3,0.515
5,top,2,0,3,0.638
5,top,3,0,3,0.744
5,top,4,0,3,0.828
5,top,5,0,3,0.888
5,top,-5,0,4,0.037
5,top,-4,0,4,0.063
5,top,-3,0,4,0.105
5,top,-2,0,4,0.168
5,top,-1,0,4,0.258
5,top,0,0,4,0.377
5,top,1,0,4,0.52
5,top,2,0,4,0.657
5,top,3,0,4,0.769
5,top,4,0,4,0.851
5,top,5,0,4,0.908
5,top,-5,0,5,0.032
5,top,-4,0,5,0.055
5,top,-3,0,5,0.092
5,top,-2,0,5,0.148
5,top,-1,0,5,0.228
5,top,0,0,5,0.336
5,top,1,0,5,0.467
5,top,2,0,5,0.599
5,top,3,0,5,0.714
5,top,4,0,5,0.806
5,top,5,0,5,0.874
5,top,-5,0,6,0.029
5,top,-4,0,6,0.051
5,top,-3,0,6,0.084
5,top,-2,0,6,0.136
5,top,-1,0,6,0.212
5,top,0,0,6,0.314
5,top,1,0,6,0.439
5,top,2,0,6,0.572
5,top,3,0,6,0.693
5,top,4,0,6,0.791
5,top,5,0,6,0.864
5,top,-5,0,7,0.027
5,top,-4,0,7,0.047
5,top,-3,0,7,0.078
5,top,-2,0,7,0.126
5,top,-1,0,7,0.195
5,top,0,0,7,0.29
5,top,1,0,7,0.406
5,top,2,0,7,0.531
5,top,3,0,7,0.649
5,top,4,0,7,0.75
5,top,5,0,7,0.831
5,top,-5,1,0,0.061
5,top,-4,1,0,0.102
5,top,-3,1,0,0.165
5,top,-2,1,0,0.256
5,top,-1,1,0,0.379
5,top,0,1,0,0.53
5,top,1,1,0,0.676
5,top,2,1,0,0.789
5,top,3,1,0,0.868
5,top,4,1,0,0.921
5,top,5,1,0,0.954
5,top,-5,1,1,0.056
5,top,-4,1,1,0.094
5,top,-3,1,1,0.153
5,top,-2,1,1,0.238
5,top,-1,1,1,0.353
5,top,0,1,1,0.497
5,top,1,1,1,0.64
5,top,2,1,1,0.756
5,top,3,1,1,0.843
5,top,4,1,1,0.903
5,top,5,1,1,0.942
5,top,-5,1,2,0.052
5,top,-4,1,2,0.088
5,top,-3,1,2,0.143
5,top,-2,1,2,0.224
5,top,-1,1,2,0.334
5,top,0,1,2,0.473
5,top,1,1,2,0.617
5,top,2,1,2,0.739
5,top,3,1,2,0.83
5,top,4,1,2,0.895
5,top,5,1,2,0.937
5,top,-5,1,3,0.05
5,top,-4,1,3,0.083
5,top,-3,1,3,0.136
5,top,-2,1,3,0.212
5,top,-1,1,3,0.317
5,top,0,1,3,0.45
5,top,1,1,3,0.589
5,top,2,1,3,0.708
5,top,3,1,3,0.803
5,top,4,1,3,0.873
5,top,5,1,3,0.921
5,top,-5,1,4,0.045
5,top,-4,1,4,0.076
5,top,-3,1,4,0.124
5,top,-2,1,4,0.197
5,top,-1,1,4,0.298
5,top,0,1,4,0.429
5,top,1,1,4,0.575
5,top,2,1,4,0.707
5,top,3,1,4,0.809
5,top,4,1,4,0.881
5,top,5,1,4,0.928
5,top,-5,1,5,0.043
5,top,-4,1,5,0.073
5,top,-3,1,5,0.12
5,top,-2,1,5,0.189
5,top,-1,1,5,0.286
5,top,0,1,5,0.412
5,top,1,1,5,0.552
5,top,2,1,5,0.681
5,top,3,1,5,0.784
5,top,4,1,5,0.861
5,top,5,1,5,0.914
5,top,-5,1,6,0.039
5,top,-4,1,6,0.066
5,top,-3,1,6,0.109
5,top,-2,1,6,0.174
5,top,-1,1,6,0.264
5,top,0,1,6,0.383
5,top,1,1,6,0.518
5,top,2,1,6,0.648
5,top,3,1,6,0.757
5,top,4,1,6,0.841
5,top,5,1,6,0.9
5,top,-5,1,7,0.038
5,top,-4,1,7,0.065
5,top,-3,1,7,0.107
5,top,-2,1,7,0.169
5,top,-1,1,7,0.257
5,top,0,1,7,0.372
5,top,1,1,7,0.501
5,top,2,1,7,0.625
5,top,3,1,7,0.732
5,top,4,1,7,0.818
5,top,5,1,7,0.882
5,top,-5,2,0,0.065
5,top,-4,2,0,0.108
5,top,-3,2,0,0.174
5,top,-2,2,0,0.269
5,top,-1,2,0,0.396
5,top,0,2,0,0.551
5,top,1,2,0,0.699
5,top,2,2,0,0.808
5,top,3,2,0,0.883
5,top,4,2,0,0.932
5,top,5,2,0,0.961
5,top,-5,2,1,0.062
5,top,-4,2,1,0.104
5,top,-3,2,1,0.167
5,top,-2,2,1,0.259
5,top,-1,2,1,0.382
5,top,0,2,1,0.534
5,top,1,2,1,0.68
5,top,2,2,1,0.792
5,top,3,2,1,0.871
5,top,4,2,1,0.923
5,top,5,2,1,0.956
5,top,-5,2,2,0.059
5,top,-4,2,2,0.099
5,top,-3,2,2,0.161
5,top,-2,2,2,0.25
5,top,-1,2,2,0.37
5,top,0,2,2,0.519
5,top,1,2,2,0.666
5,top,2,2,2,0.781
5,top,3,2,2,0.864
5,top,4,2,2,0.918
5,top,5,2,2,0.953
5,top,-5,2,3,0.058
5,top,-4,2,3,0.097
5,top,-3,2,3,0.157
5,top,-2,2,3,0.244
5,top,-1,2,3,0.362
5,top,0,2,3,0.507
5,top,1,2,3,0.651
5,top,2,2,3,0.766
5,top,3,2,3,0.85
5,top,4,2,3,0.908
5,top,5,2,3,0.946
5,top,-5,2,4,0.058
5,top,-4,2,4,0.098
5,top,-3,2,4,0.158
5,top,-2,2,4,0.246
5,top,-1,2,4,0.366
5,top,0,2,4,0.514
5,top,1,2,4,0.661
5,top,2,2,4,0.778
5,top,3,2,4,0.862
5,top,4,2,4,0.917
5,top,5,2,4,0.952
5,top,-5,2,5,0.057
5,top,-4,2,5,0.095
5,top,-3,2,5,0.154
5,top,-2,2,5,0.239
5,top,-1,2,5,0.355
5,top,0,2,5,0.5
5,top,1,2,5,0.644
5,top,2,2,5,0.76
5,top,3,2,5,0.846
5,top,4,2,5,0.906
5,top,5,2,5,0.944
5,top,-5,2,6,0.055
5,top,-4,2,6,0.092
5,top,-3,2,6,0.15
5,top,-2,2,6,0.233
5,top,-1,2,6,0.347
5,top,0,2,6,0.488
5,top,1,2,6,0.629
5,top,2,2,6,0.745
5,top,3,2,6,0.834
5,top,4,2,6,0.897
5,top,5,2,6,0.938
5,top,-5,2,7,0.053
5,top,-4,2,7,0.088
5,top,-3,2,7,0.143
5,top,-2,2,7,0.224
5,top,-1,2,7,0.333
5,top,0,2,7,0.469
5,top,1,2,7,0.608
5,top,2,2,7,0.724
5,top,3,2,7,0.814
5,top,4,2,7,0.88
5,top,5,2,7,0.926
5,bottom,-5,0,0,0.067
5,bottom,-4,0,0,0.111
5,bottom,-3,0,0,0.179
5,bottom,-2,0,0,0.277
5,bottom,-1,0,0,0.407
5,bottom,0,0,0,0.565
5,bottom,1,0,0,0.713
5,bottom,2,0,0,0.82
5,bottom,3,0,0,0.892
5,bottom,4,0,0,0.937
5,bottom,5,0,0,0.965
5,bottom,-5,0,1,0.09
5,bottom,-4,0,1,0.144
5,bottom,-3,0,1,0.223
5,bottom,-2,0,1,0.33
5,bottom,-1,0,1,0.462
5,bottom,0,0,1,0.612
5,bottom,1,0,1,0.746
5,bottom,2,0,1,0.841
5,bottom,3,0,1,0.905
5,bottom,4,0,1,0.945
5,bottom,5,0,1,0.969
5,bottom,-5,0,2,0.1
5,bottom,-4,0,2,0.16
5,bottom,-3,0,2,0.245
5,bottom,-2,0,2,0.36
5,bottom,-1,0,2,0.501
5,bottom,0,0,2,0.649
5,bottom,1,0,2,0.772
5,bottom,2,0,2,0.859
5,bottom,3,0,2,0.917
5,bottom,4,0,2,0.952
5,bottom,5,0,2,0.973
5,bottom,-5,0,3,0.13
5,bottom,-4,0,3,0.199
5,bottom,-3,0,3,0.293
5,bottom,-2,0,3,0.409
5,bottom,-1,0,3,0.542
5,bottom,0,0,3,0.677
5,bottom,1,0,3,0.791
5,bottom,2,0,3,0.871
5,bottom,3,0,3,0.923
5,bottom,4,0,3,0.956
5,bottom,5,0,3,0.976
5,bottom,-5,0,4,0.108
5,bottom,-4,0,4,0.174
5,bottom,-3,0,4,0.267
5,bottom,-2,0,4,0.392
5,bottom,-1,0,4,0.543
5,bottom,0,0,4,0.69
5,bottom,1,0,4,0.802
5,bottom,2,0,4,0.88
5,bottom,3,0,4,0.93
5,bottom,4,0,4,0.96
5,bottom,5,0,4,0.978
5,bottom,-5,0,5,0.147
5,bottom,-4,0,5,0.223
5,bottom,-3,0,5,0.326
5,bottom,-2,0,5,0.453
5,bottom,-1,0,5,0.594
5,bottom,0,0,5,0.726
5,bottom,1,0,5,0.826
5,bottom,2,0,5,0.895
5,bottom,3,0,5,0.939
5,bottom,4,0,5,0.965
5,bottom,5,0,5,0.981
5,bottom,-5,0,6,0.158
5,bottom,-4,0,6,0.241
5,bottom,-3,0,6,0.35
5,bottom,-2,0,6,0.483
5,bottom,-1,0,6,0.623
5,bottom,0,0,6,0.747
5,bottom,1,0,6,0.84
5,bottom,2,0,6,0.904
5,bottom,3,0,6,0.944
5,bottom,4,0,6,0.968
5,bottom,5,0,6,0.983
5,bottom,-5,0,7,0.195
5,bottom,-4,0,7,0.286
5,bottom,-3,0,7,0.397
5,bottom,-2,0,7,0.524
5,bottom,-1,0,7,0.652
5,bottom,0,0,7,0.767
5,bottom,1,0,7,0.853
5,bottom,2,0,7,0.911
5,bottom,3,0,7,0.948
5,bottom,4,0,7,0.971
5,bottom,5,0,7,0.984
5,bottom,-5,1,0,0.054
5,bottom,-4,1,0,0.093
5,bottom,-3,1,0,0.154
5,bottom,-2,1,0,0.246
5,bottom,-1,1,0,0.373
5,bottom,0,1,0,0.536
5,bottom,1,1,0,0.692
5,bottom,2,1,0,0.806
5,bottom,3,1,0,0.883
5,bottom,4,1,0,0.932
5,bottom,5,1,0,0.962
5,bottom,-5,1,1,0.068
5,bottom,-4,1,1,0.114
5,bottom,-3,1,1,0.183
5,bottom,-2,1,1,0.282
5,bottom,-1,1,1,0.412
5,bottom,0,1,1,0.569
5,bottom,1,1,1,0.715
5,bottom,2,1,1,0.821
5,bottom,3,1,1,0.892
5,bottom,4,1,1,0.938
5,bottom,5,1,1,0.965
5,bottom,-5,1,2,0.075
5,bottom,-4,1,2,0.124
5,bottom,-3,1,2,0.198
5,bottom,-2,1,2,0.302
5,bottom,-1,1,2,0.437
5,bottom,0,1,2,0.593
5,bottom,1,1,2,0.733
5,bottom,2,1,2,0.833
5,bottom,3,1,2,0.9
5,bottom,4,1,2,0.942
5,bottom,5,1,2,0.968
5,bottom,-5,1,3,0.092
5,bottom,-4,1,3,0.148
5,bottom,-3,1,3,0.228
5,bottom,-2,1,3,0.335
5,bottom,-1,1,3,0.465
5,bottom,0,1,3,0.613
5,bottom,1,1,3,0.747
5,bottom,2,1,3,0.842
5,bottom,3,1,3,0.905
5,bottom,4,1,3,0.945
5,bottom,5,1,3,0.969
5,bottom,-5,1,4,0.085
5,bottom,-4,1,4,0.14
5,bottom,-3,1,4,0.223
5,bottom,-2,1,4,0.337
5,bottom,-1,1,4,0.484
5,bottom,0,1,4,0.639
5,bottom,1,1,4,0.767
5,bottom,2,1,4,0.856
5,bottom,3,1,4,0.915
5,bottom,4,1,4,0.951
5,bottom,5,1,4,0.973
5,bottom,-5,1,5,0.101
5,bottom,-4,1,5,0.162
5,bottom,-3,1,5,0.249
5,bottom,-2,1,5,0.365
5,bottom,-1,1,5,0.506
5,bottom,0,1,5,0.653
5,bottom,1,1,5,0.776
5,bottom,2,1,5,0.861
5,bottom,3,1,5,0.918
5,bottom,4,1,5,0.953
5,bottom,5,1,5,0.974
5,bottom,-5,1,6,0.117
5,bottom,-4,1,6,0.185
5,bottom,-3,1,6,0.28
5,bottom,-2,1,6,0.402
5,bottom,-1,1,6,0.542
5,bottom,0,1,6,0.681
5,bottom,1,1,6,0.795
5,bottom,2,1,6,0.874
5,bottom,3,1,6,0.925
5,bottom,4,1,6,0.957
5,bottom,5,1,6,0.976
5,bottom,-5,1,7,0.138
5,bottom,-4,1,7,0.21
5,bottom,-3,1,7,0.306
5,bottom,-2,1,7,0.423
5,bottom,-1,1,7,0.556
5,bottom,0,1,7,0.689
5,bottom,1,1,7,0.799
5,bottom,2,1,7,0.876
5,bottom,3,1,7,0.927
5,bottom,4,1,7,0.958
5,bottom,5,1,7,0.977
5,bottom,-5,2,0,0.046
5,bottom,-4,2,0,0.081
5,bottom,-3,2,0,0.138
5,bottom,-2,2,0,0.225
5,bottom,-1,2,0,0.349
5,bottom,0,2,0,0.514
5,bottom,1,2,0,0.677
5,bottom,2,2,0,0.795
5,bottom,3,2,0,0.876
5,bottom,4,2,0,0.928
5,bottom,5,2,0,0.96
5,bottom,-5,2,1,0.053
5,bottom,-4,2,1,0.091
5,bottom,-3,2,1,0.152
5,bottom,-2,2,1,0.243
5,bottom,-1,2,1,0.369
5,bottom,0,2,1,0.531
5,bottom,1,2,1,0.689
5,bottom,2,2,1,0.803
5,bottom,3,2,1,0.881
5,bottom,4,2,1,0.931
5,bottom,5,2,1,0.961
5,bottom,-5,2,2,0.056
5,bottom,-4,2,2,0.096
5,bottom,-3,2,2,0.16
5,bottom,-2,2,2,0.254
5,bottom,-1,2,2,0.384
5,bottom,0,2,2,0.547
5,bottom,1,2,2,0.7
5,bottom,2,2,2,0.811
5,bottom,3,2,2,0.886
5,bottom,4,2,2,0.934
5,bottom,5,2,2,0.963
5,bottom,-5,2,3,0.064
5,bottom,-4,2,3,0.108
5,bottom,-3,2,3,0.175
5,bottom,-2,2,3,0.271
5,bottom,-1,2,3,0.399
5,bottom,0,2,3,0.558
5,bottom,1,2,3,0.708
5,bottom,2,2,3,0.816
5,bottom,3,2,3,0.889
5,bottom,4,2,3,0.936
5,bottom,5,2,3,0.964
5,bottom,-5,2,4,0.057
5,bottom,-4,2,4,0.098
5,bottom,-3,2,4,0.162
5,bottom,-2,2,4,0.258
5,bottom,-1,2,4,0.39
5,bottom,0,2,4,0.553
5,bottom,1,2,4,0.705
5,bottom,2,2,4,0.814
5,bottom,3,2,4,0.888
5,bottom,4,2,4,0.935
5,bottom,5,2,4,0.964
5,bottom,-5,2,5,0.066
5,bottom,-4,2,5,0.111
5,bottom,-3,2,5,0.179
5,bottom,-2,2,5,0.277
5,bottom,-1,2,5,0.408
5,bottom,0,2,5,0.566
5,bottom,1,2,5,0.714
5,bottom,2,2,5,0.82
5,bottom,3,2,5,0.892
5,bottom,4,2,5,0.937
5,bottom,5,2,5,0.965
5,bottom,-5,2,6,0.073
5,bottom,-4,2,6,0.121
5,bottom,-3,2,6,0.193
5,bottom,-2,2,6,0.294
5,bottom,-1,2,6,0.423
5,bottom,0,2,6,0.577
5,bottom,1,2,6,0.721
5,bottom,2,2,6,0.824
5,bottom,3,2,6,0.894
5,bottom,4,2,6,0.939
5,bottom,5,2,6,0.966
5,bottom,-5,2,7,0.087
5,bottom,-4,2,7,0.139
5,bottom,-3,2,7,0.215
5,bottom,-2,2,7,0.317
5,bottom,-1,2,7,0.444
5,bottom,0,2,7,0.594
5,bottom,1,2,7,0.733
5,bottom,2,2,7,0.832
5,bottom,3,2,7,0.899
5,bottom,4,2,7,0.942
5,bottom,5,2,7,0.967
6,top,-5,0,0,0.042
6,top,-4,0,0,0.074
6,top,-3,0,0,0.128
6,top,-2,0,0,0.211
6,top,-1,0,0,0.333
6,top,0,0,0,0.5
6,top,1,0,0,0.667
6,top,2,0,0,0.789
6,top,3,0,0,0.872
6,top,4,0,0,0.926
6,top,5,0,0,0.958
6,top,-5,0,1,0.036
6,top,-4,0,1,0.065
6,top,-3,0,1,0.112
6,top,-2,0,1,0.187
6,top,-1,0,1,0.296
6,top,0,0,1,0.447
6,top,1,0,1,0.607
6,top,2,0,1,0.735
6,top,3,0,1,0.832
6,top,4,0,1,0.898
6,top,5,0,1,0.94
6,top,-5,0,2,0.032
6,top,-4,0,2,0.057
6,top,-3,0,2,0.099
6,top,-2,0,2,0.165
6,top,-1,0,2,0.265
6,top,0,0,2,0.406
6,top,1,0,2,0.567
6,top,2,0,2,0.708
6,top,3,0,2,0.813
6,top,4,0,2,0.886
6,top,5,0,2,0.933
6,top,-5,0,3,0.029
6,top,-4,0,3,0.052
6,top,-3,0,3,0.091
6,top,-2,0,3,0.152
6,top,-1,0,3,0.244
6,top,0,0,3,0.373
6,top,1,0,3,0.52
6,top,2,0,3,0.654
6,top,3,0,3,0.765
6,top,4,0,3,0.849
6,top,5,0,3,0.907
6,top,-5,0,4,0.026
6,top,-4,0,4,0.047
6,top,-3,0,4,0.083
6,top,-2,0,4,0.142
6,top,-1,0,4,0.231
6,top,0,0,4,0.36
6,top,1,0,4,0.523
6,top,2,0,4,0.679
6,top,3,0,4,0.795
6,top,4,0,4,0.876
6,top,5,0,4,0.928
6,top,-5,0,5,0.023
6,top,-4,0,5,0.041
6,top,-3,0,5,0.073
6,top,-2,0,5,0.124
6,top,-1,0,5,0.203
6,top,0,0,5,0.318
6,top,1,0,5,0.465
6,top,2,0,5,0.613
6,top,3,0,5,0.736
6,top,4,0,5,0.829
6,top,5,0,5,0.894
6,top,-5,0,6,0.021
6,top,-4,0,6,0.038
6,top,-3,0,6,0.066
6,top,-2,0,6,0.114
6,top,-1,0,6,0.187
6,top,0,0,6,0.294
6,top,1,0,6,0.432
6,top,2,0,6,0.582
6,top,3,0,6,0.714
6,top,4,0,6,0.815
6,top,5,0,6,0.885
6,top,-5,0,7,0.019
6,top,-4,0,7,0.035
6,top,-3,0,7,0.061
6,top,-2,0,7,0.105
6,top,-1,0,7,0.172
6,top,0,0,7,0.271
6,top,1,0,7,0.399
6,top,2,0,7,0.536
6,top,3,0,7,0.663
6,top,4,0,7,0.77
6,top,5,0,7,0.851
6,top,-5,1,0,0.045
6,top,-4,1,0,0.081
6,top,-3,1,0,0.138
6,top,-2,1,0,0.228
6,top,-1,1,0,0.357
6,top,0,1,0,0.533
6,top,1,1,0,0.703
6,top,2,1,0,0.819
6,top,3,1,0,0.895
6,top,4,1,0,0.941
6,top,5,1,0,0.968
6,top,-5,1,1,0.042
6,top,-4,1,1,0.074
6,top,-3,1,1,0.127
6,top,-2,1,1,0.21
6,top,-1,1,1,0.331
6,top,0,1,1,0.496
6,top,1,1,1,0.662
6,top,2,1,1,0.783
6,top,3,1,1,0.868
6,top,4,1,1,0.924
6,top,5,1,1,0.957
6,top,-5,1,2,0.038
6,top,-4,1,2,0.068
6,top,-3,1,2,0.118
6,top,-2,1,2,0.196
6,top,-1,1,2,0.311
6,top,0,1,2,0.469
6,top,1,1,2,0.635
6,top,2,1,2,0.765
6,top,3,1,2,0.857
6,top,4,1,2,0.916
6,top,5,1,2,0.953
6,top,-5,1,3,0.036
6,top,-4,1,3,0.065
6,top,-3,1,3,0.112
6,top,-2,1,3,0.186
6,top,-1,1,3,0.295
6,top,0,1,3,0.446
6,top,1,1,3,0.603
6,top,2,1,3,0.73
6,top,3,1,3,0.826
6,top,4,1,3,0.894
6,top,5,1,3,0.938
6,top,-5,1,4,0.032
6,top,-4,1,4,0.058
6,top,-3,1,4,0.101
6,top,-2,1,4,0.169
6,top,-1,1,4,0.272
6,top,0,1,4,0.417
6,top,1,1,4,0.586
6,top,2,1,4,0.733
6,top,3,1,4,0.836
6,top,4,1,4,0.904
6,top,5,1,4,0.946
6,top,-5,1,5,0.031
6,top,-4,1,5,0.056
6,top,-3,1,5,0.097
6,top,-2,1,5,0.163
6,top,-1,1,5,0.262
6,top,0,1,5,0.401
6,top,1,1,5,0.561
6,top,2,1,5,0.703
6,top,3,1,5,0.809
6,top,4,1,5,0.884
6,top,5,1,5,0.932
6,top,-5,1,6,0.028
6,top,-4,1,6,0.051
6,top,-3,1,6,0.088
6,top,-2,1,6,0.149
6,top,-1,1,6,0.24
6,top,0,1,6,0.369
6,top,1,1,6,0.521
6,top,2,1,6,0.665
6,top,3,1,6,0.781
6,top,4,1,6,0.864
6,top,5,1,6,0.919
6,top,-5,1,7,0.028
6,top,-4,1,7,0.05
6,top,-3,1,7,0.087
6,top,-2,1,7,0.145
6,top,-1,1,7,0.234
6,top,0,1,7,0.36
6,top,1,1,7,0.505
6,top,2,1,7,0.64
6,top,3,1,7,0.752
6,top,4,1,7,0.839
6,top,5,1,7,0.901
6,top,-5,2,0,0.048
6,top,-4,2,0,0.085
6,top,-3,2,0,0.146
6,top,-2,2,0,0.24
6,top,-1,2,0,0.375
6,top,0,2,0,0.558
6,top,1,2,0,0.729
6,top,2,2,0,0.84
6,top,3,2,0,0.909
6,top,4,2,0,0.951
6,top,5,2,0,0.974
6,top,-5,2,1,0.046
6,top,-4,2,1,0.082
6,top,-3,2,1,0.14
6,top,-2,2,1,0.23
6,top,-1,2,1,0.361
6,top,0,2,1,0.539
6,top,1,2,1,0.708
6,top,2,2,1,0.822
6,top,3,2,1,0.897
6,top,4,2,1,0.943
6,top,5,2,1,0.969
6,top,-5,2,2,0.044
6,top,-4,2,2,0.078
6,top,-3,2,2,0.134
6,top,-2,2,2,0.221
6,top,-1,2,2,0.348
6,top,0,2,2,0.521
6,top,1,2,2,0.692
6,top,2,2,2,0.812
6,top,3,2,2,0.89
6,top,4,2,2,0.939
6,top,5,2,2,0.967
6,top,-5,2,3,0.043
6,top,-4,2,3,0.076
6,top,-3,2,3,0.131
6,top,-2,2,3,0.216
6,top,-1,2,3,0.34
6,top,0,2,3,0.509
6,top,1,2,3,0.675
6,top,2,2,3,0.794
6,top,3,2,3,0.875
6,top,4,2,3,0.928
6,top,5,2,3,0.96
6,top,-5,2,4,0.043
6,top,-4,2,4,0.077
6,top,-3,2,4,0.132
6,top,-2,2,4,0.218
6,top,-1,2,4,0.343
6,top,0,2,4,0.514
6,top,1,2,4,0.686
6,top,2,2,4,0.809
6,top,3,2,4,0.889
6,top,4,2,4,0.938
6,top,5,2,4,0.966
6,top,-5,2,5,0.042
6,top,-4,2,5,0.074
6,top,-3,2,5,0.128
6,top,-2,2,5,0.211
6,top,-1,2,5,0.333
6,top,0,2,5,0.499
6,top,1,2,5,0.666
6,top,2,2,5,0.788
6,top,3,2,5,0.872
6,top,4,2,5,0.927
6,top,5,2,5,0.959
6,top,-5,2,6,0.041
6,top,-4,2,6,0.072
6,top,-3,2,6,0.125
6,top,-2,2,6,0.206
6,top,-1,2,6,0.325
6,top,0,2,6,0.487
6,top,1,2,6,0.649
6,top,2,2,6,0.771
6,top,3,2,6,0.86
6,top,4,2,6,0.918
6,top,5,2,6,0.954
6,top,-5,2,7,0.039
6,top,-4,2,7,0.069
6,top,-3,2,7,0.119
6,top,-2,2,7,0.197
6,top,-1,2,7,0.311
6,top,0,2,7,0.467
6,top,1,2,7,0.626
6,top,2,2,7,0.747
6,top,3,2,7,0.838
6,top,4,2,7,0.901
6,top,5,2,7,0.942
6,bottom,-5,0,0,0.05
6,bottom,-4,0,0,0.088
6,bottom,-3,0,0,0.151
6,bottom,-2,0,0,0.248
6,bottom,-1,0,0,0.387
6,bottom,0,0,0,0.574
6,bottom,1,0,0,0.746
6,bottom,2,0,0,0.852
6,bottom,3,0,0,0.918
6,bottom,4,0,0,0.956
6,bottom,5,0,0,0.977
6,bottom,-5,0,1,0.071
6,bottom,-4,0,1,0.121
6,bottom,-3,0,1,0.197
6,bottom,-2,0,1,0.307
6,bottom,-1,0,1,0.451
6,bottom,0,0,1,0.625
6,bottom,1,0,1,0.777
6,bottom,2,0,1,0.871
6,bottom,3,0,1,0.929
6,bottom,4,0,1,0.962
6,bottom,5,0,1,0.98
6,bottom,-5,0,2,0.08
6,bottom,-4,0,2,0.134
6,bottom,-3,0,2,0.218
6,bottom,-2,0,2,0.339
6,bottom,-1,0,2,0.496
6,bottom,0,0,2,0.668
6,bottom,1,0,2,0.804
6,bottom,2,0,2,0.888
6,bottom,3,0,2,0.938
6,bottom,4,0,2,0.967
6,bottom,5,0,2,0.983
6,bottom,-5,0,3,0.109
6,bottom,-4,0,3,0.176
6,bottom,-3,0,3,0.272
6,bottom,-2,0,3,0.395
6,bottom,-1,0,3,0.541
6,bottom,0,0,3,0.695
6,bottom,1,0,3,0.82
6,bottom,2,0,3,0.897
6,bottom,3,0,3,0.943
6,bottom,4,0,3,0.97
6,bottom,5,0,3,0.984
6,bottom,-5,0,4,0.086
6,bottom,-4,0,4,0.146
6,bottom,-3,0,4,0.239
6,bottom,-2,0,4,0.372
6,bottom,-1,0,4,0.547
6,bottom,0,0,4,0.717
6,bottom,1,0,4,0.834
6,bottom,2,0,4,0.907
6,bottom,3,0,4,0.949
6,bottom,4,0,4,0.973
6,bottom,5,0,4,0.986
6,bottom,-5,0,5,0.124
6,bottom,-4,0,5,0.199
6,bottom,-3,0,5,0.305
6,bottom,-2,0,5,0.441
6,bottom,-1,0,5,0.603
6,bottom,0,0,5,0.753
6,bottom,1,0,5,0.856
6,bottom,2,0,5,0.919
6,bottom,3,0,5,0.956
6,bottom,4,0,5,0.977
6,bottom,5,0,5,0.988
6,bottom,-5,0,6,0.135
6,bottom,-4,0,6,0.216
6,bottom,-3,0,6,0.33
6,bottom,-2,0,6,0.478
6,bottom,-1,0,6,0.637
6,bottom,0,0,6,0.773
6,bottom,1,0,6,0.868
6,bottom,2,0,6,0.926
6,bottom,3,0,6,0.96
6,bottom,4,0,6,0.979
6,bottom,5,0,6,0.989
6,bottom,-5,0,7,0.174
6,bottom,-4,0,7,0.266
6,bottom,-3,0,7,0.385
6,bottom,-2,0,7,0.522
6,bottom,-1,0,7,0.666
6,bottom,0,0,7,0.791
6,bottom,1,0,7,0.879
6,bottom,2,0,7,0.932
6,bottom,3,0,7,0.963
6,bottom,4,0,7,0.981
6,bottom,5,0,7,0.99
6,bottom,-5,1,0,0.038
6,bottom,-4,1,0,0.07
6,bottom,-3,1,0,0.125
6,bottom,-2,1,0,0.213
6,bottom,-1,1,0,0.347
6,bottom,0,1,0,0.541
6,bottom,1,1,0,0.725
6,bottom,2,1,0,0.84
6,bottom,3,1,0,0.911
6,bottom,4,1,0,0.952
6,bottom,5,1,0,0.975
6,bottom,-5,1,1,0.051
6,bottom,-4,1,1,0.091
6,bottom,-3,1,1,0.155
6,bottom,-2,1,1,0.254
6,bottom,-1,1,1,0.392
6,bottom,0,1,1,0.577
6,bottom,1,1,1,0.748
6,bottom,2,1,1,0.853
6,bottom,3,1,1,0.918
6,bottom,4,1,1,0.956
6,bottom,5,1,1,0.977
6,bottom,-5,1,2,0.056
6,bottom,-4,1,2,0.099
6,bottom,-3,1,2,0.169
6,bottom,-2,1,2,0.274
6,bottom,-1,1,2,0.422
6,bottom,0,1,2,0.606
6,bottom,1,1,2,0.765
6,bottom,2,1,2,0.864
6,bottom,3,1,2,0.925
6,bottom,4,1,2,0.96
6,bottom,5,1,2,0.979
6,bottom,-5,1,3,0.074
6,bottom,-4,1,3,0.125
6,bottom,-3,1,3,0.203
6,bottom,-2,1,3,0.313
6,bottom,-1,1,3,0.453
6,bottom,0,1,3,0.626
6,bottom,1,1,3,0.778
6,bottom,2,1,3,0.871
6,bottom,3,1,3,0.929
6,bottom,4,1,3,0.962
6,bottom,5,1,3,0.98
6,bottom,-5,1,4,0.064
6,bottom,-4,1,4,0.114
6,bottom,-3,1,4,0.193
6,bottom,-2,1,4,0.311
6,bottom,-1,1,4,0.478
6,bottom,0,1,4,0.661
6,bottom,1,1,4,0.8
6,bottom,2,1,4,0.885
6,bottom,3,1,4,0.937
6,bottom,4,1,4,0.967
6,bottom,5,1,4,0.983
6,bottom,-5,1,5,0.08
6,bottom,-4,1,5,0.137
6,bottom,-3,1,5,0.223
6,bottom,-2,1,5,0.344
6,bottom,-1,1,5,0.502
6,bottom,0,1,5,0.673
6,bottom,1,1,5,0.807
6,bottom,2,1,5,0.89
6,bottom,3,1,5,0.939
6,bottom,4,1,5,0.968
6,bottom,5,1,5,0.983
6,bottom,-5,1,6,0.096
6,bottom,-4,1,6,0.16
6,bottom,-3,1,6,0.255
6,bottom,-2,1,6,0.386
6,bottom,-1,1,6,0.544
6,bottom,0,1,6,0.702
6,bottom,1,1,6,0.825
6,bottom,2,1,6,0.9
6,bottom,3,1,6,0.945
6,bottom,4,1,6,0.971
6,bottom,5,1,6,0.985
6,bottom,-5,1,7,0.117
6,bottom,-4,1,7,0.188
6,bottom,-3,1,7,0.286
6,bottom,-2,1,7,0.41
6,bottom,-1,1,7,0.557
6,bottom,0,1,7,0.709
6,bottom,1,1,7,0.828
6,bottom,2,1,7,0.902
6,bottom,3,1,7,0.946
6,bottom,4,1,7,0.971
6,bottom,5,1,7,0.985
6,bottom,-5,2,0,0.031
6,bottom,-4,2,0,0.059
6,bottom,-3,2,0,0.108
6,bottom,-2,2,0,0.19
6,bottom,-1,2,0,0.319
6,bottom,0,2,0,0.517
6,bottom,1,2,0,0.71
6,bottom,2,2,0,0.831
6,bottom,3,2,0,0.905
6,bottom,4,2,0,0.949
6,bottom,5,2,0,0.973
6,bottom,-5,2,1,0.037
6,bottom,-4,2,1,0.068
6,bottom,-3,2,1,0.122
6,bottom,-2,2,1,0.21
6,bottom,-1,2,1,0.342
6,bottom,0,2,1,0.536
6,bottom,1,2,1,0.722
6,bottom,2,2,1,0.838
6,bottom,3,2,1,0.909
6,bottom,4,2,1,0.951
6,bottom,5,2,1,0.975
6,bottom,-5,2,2,0.04
6,bottom,-4,2,2,0.073
6,bottom,-3,2,2,0.13
6,bottom,-2,2,2,0.222
6,bottom,-1,2,2,0.361
6,bottom,0,2,2,0.554
6,bottom,1,2,2,0.733
6,bottom,2,2,2,0.845
6,bottom,3,2,2,0.913
6,bottom,4,2,2,0.954
6,bottom,5,2,2,0.976
6,bottom,-5,2,3,0.047
6,bottom,-4,2,3,0.085
6,bottom,-3,2,3,0.147
6,bottom,-2,2,3,0.242
6,bottom,-1,2,3,0.377
6,bottom,0,2,3,0.565
6,bottom,1,2,3,0.74
6,bottom,2,2,3,0.849
6,bottom,3,2,3,0.916
6,bottom,4,2,3,0.955
6,bottom,5,2,3,0.976
6,bottom,-5,2,4,0.04
6,bottom,-4,2,4,0.074
6,bottom,-3,2,4,0.132
6,bottom,-2,2,4,0.226
6,bottom,-1,2,4,0.368
6,bottom,0,2,4,0.561
6,bottom,1,2,4,0.738
6,bottom,2,2,4,0.848
6,bottom,3,2,4,0.915
6,bottom,4,2,4,0.955
6,bottom,5,2,4,0.976
6,bottom,-5,2,5,0.049
6,bottom,-4,2,5,0.087
6,bottom,-3,2,5,0.151
6,bottom,-2,2,5,0.248
6,bottom,-1,2,5,0.387
6,bottom,0,2,5,0.575
6,bottom,1,2,5,0.746
6,bottom,2,2,5,0.852
6,bottom,3,2,5,0.918
6,bottom,4,2,5,0.956
6,bottom,5,2,5,0.977
6,bottom,-5,2,6,0.055
6,bottom,-4,2,6,0.097
6,bottom,-3,2,6,0.165
6,bottom,-2,2,6,0.268
6,bottom,-1,2,6,0.405
6,bottom,0,2,6,0.585
6,bottom,1,2,6,0.753
6,bottom,2,2,6,0.856
6,bottom,3,2,6,0.92
6,bottom,4,2,6,0.957
6,bottom,5,2,6,0.978
6,bottom,-5,2,7,0.069
6,bottom,-4,2,7,0.117
6,bottom,-3,2,7,0.19
6,bottom,-2,2,7,0.293
6,bottom,-1,2,7,0.429
6,bottom,0,2,7,0.604
6,bottom,1,2,7,0.764
6,bottom,2,2,7,0.863
6,bottom,3,2,7,0.924
6,bottom,4,2,7,0.959
6,bottom,5,2,7,0.979
7,top,-5,0,0,0.028
7,top,-4,0,0,0.053
7,top,-3,0,0,0.098
7,top,-2,0,0,0.176
7,top,-1,0,0,0.3
7,top,0,0,0,0.5
7,top,1,0,0,0.7
7,top,2,0,0,0.824
7,top,3,0,0,0.902
7,top,4,0,0,0.947
7,top,5,0,0,0.972
7,top,-5,0,1,0.024
7,top,-4,0,1,0.046
7,top,-3,0,1,0.086
7,top,-2,0,1,0.153
7,top,-1,0,1,0.263
7,top,0,0,1,0.441
7,top,1,0,1,0.629
7,top,2,0,1,0.765
7,top,3,0,1,0.86
7,top,4,0,1,0.921
7,top,5,0,1,0.957
7,top,-5,0,2,0.02
7,top,-4,0,2,0.039
7,top,-3,0,2,0.074
7,top,-2,0,2,0.134
7,top,-1,0,2,0.232
7,top,0,0,2,0.39
7,top,1,0,2,0.581
7,top,2,0,2,0.738
7,top,3,0,2,0.844
7,top,4,0,2,0.911
7,top,5,0,2,0.951
7,top,-5,0,3,0.019
7,top,-4,0,3,0.036
7,top,-3,0,3,0.068
7,top,-2,0,3,0.123
7,top,-1,0,3,0.213
7,top,0,0,3,0.358
7,top,1,0,3,0.529
7,top,2,0,3,0.675
7,top,3,0,3,0.79
7,top,4,0,3,0.873
7,top,5,0,3,0.927
7,top,-5,0,4,0.017
7,top,-4,0,4,0.032
7,top,-3,0,4,0.061
7,top,-2,0,4,0.112
7,top,-1,0,4,0.197
7,top,0,0,4,0.333
7,top,1,0,4,0.528
7,top,2,0,4,0.71
7,top,3,0,4,0.829
7,top,4,0,4,0.904
7,top,5,0,4,0.948
7,top,-5,0,5,0.014
7,top,-4,0,5,0.028
7,top,-3,0,5,0.053
7,top,-2,0,5,0.097
7,top,-1,0,5,0.171
7,top,0,0,5,0.292
7,top,1,0,5,0.463
7,top,2,0,5,0.634
7,top,3,0,5,0.763
7,top,4,0,5,0.856
7,top,5,0,5,0.916
7,top,-5,0,6,0.013
7,top,-4,0,6,0.025
7,top,-3,0,6,0.048
7,top,-2,0,6,0.088
7,top,-1,0,6,0.156
7,top,0,0,6,0.268
7,top,1,0,6,0.423
7,top,2,0,6,0.595
7,top,3,0,6,0.741
7,top,4,0,6,0.843
7,top,5,0,6,0.909
7,top,-5,0,7,0.012
7,top,-4,0,7,0.023
7,top,-3,0,7,0.044
7,top,-2,0,7,0.081
7,top,-1,0,7,0.144
7,top,0,0,7,0.246
7,top,1,0,7,0.389
7,top,2,0,7,0.544
7,top,3,0,7,0.682
7,top,4,0,7,0.793
7,top,5,0,7,0.874
7,top,-5,1,0,0.03
7,top,-4,1,0,0.058
7,top,-3,1,0,0.107
7,top,-2,1,0,0.19
7,top,-1,1,0,0.324
7,top,0,1,0,0.539
7,top,1,1,0,0.743
7,top,2,1,0,0.857
7,top,3,1,0,0.924
7,top,4,1,0,0.961
7,top,5,1,0,0.981
7,top,-5,1,1,0.028
7,top,-4,1,1,0.053
7,top,-3,1,1,0.098
7,top,-2,1,1,0.174
7,top,-1,1,1,0.298
7,top,0,1,1,0.496
7,top,1,1,1,0.694
7,top,2,1,1,0.818
7,top,3,1,1,0.898
7,top,4,1,1,0.945
7,top,5,1,1,0.972
7,top,-5,1,2,0.025
7,top,-4,1,2,0.048
7,top,-3,1,2,0.09
7,top,-2,1,2,0.161
7,top,-1,1,2,0.277
7,top,0,1,2,0.463
7,top,1,1,2,0.662
7,top,2,1,2,0.8
7,top,3,1,2,0.888
7,top,4,1,2,0.939
7,top,5,1,2,0.968
7,top,-5,1,3,0.024
7,top,-4,1,3,0.046
7,top,-3,1,3,0.085
7,top,-2,1,3,0.153
7,top,-1,1,3,0.263
7,top,0,1,3,0.439
7,top,1,1,3,0.626
7,top,2,1,3,0.758
7,top,3,1,3,0.854
7,top,4,1,3,0.917
7,top,5,1,3,0.955
7,top,-5,1,4,0.021
7,top,-4,1,4,0.04
7,top,-3,1,4,0.075
7,top,-2,1,4,0.137
7,top,-1,1,4,0.237
7,top,0,1,4,0.399
7,top,1,1,4,0.603
7,top,2,1,4,0.77
7,top,3,1,4,0.87
7,top,4,1,4,0.93
7,top,5,1,4,0.964
7,top,-5,1,5,0.02
7,top,-4,1,5,0.039
7,top,-3,1,5,0.073
7,top,-2,1,5,0.131
7,top,-1,1,5,0.228
7,top,0,1,5,0.384
7,top,1,1,5,0.575
7,top,2,1,5,0.732
7,top,3,1,5,0.84
7,top,4,1,5,0.91
7,top,5,1,5,0.951
7,top,-5,1,6,0.018
7,top,-4,1,6,0.035
7,top,-3,1,6,0.066
7,top,-2,1,6,0.119
7,top,-1,1,6,0.207
7,top,0,1,6,0.35
7,top,1,1,6,0.527
7,top,2,1,6,0.689
7,top,3,1,6,0.811
7,top,4,1,6,0.891
7,top,5,1,6,0.94
7,top,-5,1,7,0.018
7,top,-4,1,7,0.034
7,top,-3,1,7,0.065
7,top,-2,1,7,0.117
7,top,-1,1,7,0.203
7,top,0,1,7,0.343
7,top,1,1,7,0.512
7,top,2,1,7,0.66
7,top,3,1,7,0.776
7,top,4,1,7,0.863
7,top,5,1,7,0.921
7,top,-5,2,0,0.032
7,top,-4,2,0,0.061
7,top,-3,2,0,0.113
7,top,-2,2,0,0.201
7,top,-1,2,0,0.342
7,top,0,2,0,0.567
7,top,1,2,0,0.774
7,top,2,2,0,0.88
7,top,3,2,0,0.938
7,top,4,2,0,0.97
7,top,5,2,0,0.985
7,top,-5,2,1,0.031
7,top,-4,2,1,0.059
7,top,-3,2,1,0.108
7,top,-2,2,1,0.193
7,top,-1,2,1,0.328
7,top,0,2,1,0.545
7,top,1,2,1,0.749
7,top,2,2,1,0.86
7,top,3,2,1,0.926
7,top,4,2,1,0.963
7,top,5,2,1,0.982
7,top,-5,2,2,0.029
7,top,-4,2,2,0.056
7,top,-3,2,2,0.103
7,top,-2,2,2,0.184
7,top,-1,2,2,0.314
7,top,0,2,2,0.523
7,top,1,2,2,0.729
7,top,2,2,2,0.85
7,top,3,2,2,0.921
7,top,4,2,2,0.96
7,top,5,2,2,0.98
7,top,-5,2,3,0.028
7,top,-4,2,3,0.054
7,top,-3,2,3,0.101
7,top,-2,2,3,0.18
7,top,-1,2,3,0.307
7,top,0,2,3,0.511
7,top,1,2,3,0.71
7,top,2,2,3,0.829
7,top,3,2,3,0.904
7,top,4,2,3,0.95
7,top,5,2,3,0.974
7,top,-5,2,4,0.029
7,top,-4,2,4,0.055
7,top,-3,2,4,0.101
7,top,-2,2,4,0.181
7,top,-1,2,4,0.309
7,top,0,2,4,0.515
7,top,1,2,4,0.722
7,top,2,2,4,0.848
7,top,3,2,4,0.919
7,top,4,2,4,0.959
7,top,5,2,4,0.98
7,top,-5,2,5,0.028
7,top,-4,2,5,0.053
7,top,-3,2,5,0.098
7,top,-2,2,5,0.175
7,top,-1,2,5,0.3
7,top,0,2,5,0.499
7,top,1,2,5,0.699
7,top,2,2,5,0.824
7,top,3,2,5,0.902
7,top,4,2,5,0.948
7,top,5,2,5,0.974
7,top,-5,2,6,0.027
7,top,-4,2,6,0.052
7,top,-3,2,6,0.096
7,top,-2,2,6,0.171
7,top,-1,2,6,0.292
7,top,0,2,6,0.487
7,top,1,2,6,0.678
7,top,2,2,6,0.802
7,top,3,2,6,0.889
7,top,4,2,6,0.94
7,top,5,2,6,0.969
7,top,-5,2,7,0.026
7,top,-4,2,7,0.049
7,top,-3,2,7,0.091
7,top,-2,2,7,0.163
7,top,-1,2,7,0.279
7,top,0,2,7,0.465
7,top,1,2,7,0.652
7,top,2,2,7,0.776
7,top,3,2,7,0.865
7,top,4,2,7,0.922
7,top,5,2,7,0.958
7,bottom,-5,0,0,0.033
7,bottom,-4,0,0,0.064
7,bottom,-3,0,0,0.118
7,bottom,-2,0,0,0.209
7,bottom,-1,0,0,0.354
7,bottom,0,0,0,0.586
7,bottom,1,0,0,0.794
7,bottom,2,0,0,0.893
7,bottom,3,0,0,0.946
7,bottom,4,0,0,0.974
7,bottom,5,0,0,0.988
7,bottom,-5,0,1,0.052
7,bottom,-4,0,1,0.094
7,bottom,-3,0,1,0.165
7,bottom,-2,0,1,0.276
7,bottom,-1,0,1,0.431
7,bottom,0,0,1,0.643
7,bottom,1,0,1,0.822
7,bottom,2,0,1,0.908
7,bottom,3,0,1,0.954
7,bottom,4,0,1,0.978
7,bottom,5,0,1,0.989
7,bottom,-5,0,2,0.058
7,bottom,-4,0,2,0.106
7,bottom,-3,0,2,0.185
7,bottom,-2,0,2,0.308
7,bottom,-1,0,2,0.488
7,bottom,0,0,2,0.696
7,bottom,1,0,2,0.847
7,bottom,2,0,2,0.921
7,bottom,3,0,2,0.961
7,bottom,4,0,2,0.981
7,bottom,5,0,2,0.991
7,bottom,-5,0,3,0.087
7,bottom,-4,0,3,0.149
7,bottom,-3,0,3,0.246
7,bottom,-2,0,3,0.376
7,bottom,-1,0,3,0.537
7,bottom,0,0,3,0.72
7,bottom,1,0,3,0.86
7,bottom,2,0,3,0.928
7,bottom,3,0,3,0.964
7,bottom,4,0,3,0.983
7,bottom,5,0,3,0.992
7,bottom,-5,0,4,0.062
7,bottom,-4,0,4,0.115
7,bottom,-3,0,4,0.203
7,bottom,-2,0,4,0.341
7,bottom,-1,0,4,0.552
7,bottom,0,0,4,0.757
7,bottom,1,0,4,0.876
7,bottom,2,0,4,0.937
7,bottom,3,0,4,0.969
7,bottom,4,0,4,0.985
7,bottom,5,0,4,0.993
7,bottom,-5,0,5,0.1
7,bottom,-4,0,5,0.17
7,bottom,-3,0,5,0.277
7,bottom,-2,0,5,0.424
7,bottom,-1,0,5,0.613
7,bottom,0,0,5,0.79
7,bottom,1,0,5,0.893
7,bottom,2,0,5,0.946
7,bottom,3,0,5,0.973
7,bottom,4,0,5,0.987
7,bottom,5,0,5,0.994
7,bottom,-5,0,6,0.108
7,bottom,-4,0,6,0.185
7,bottom,-3,0,6,0.303
7,bottom,-2,0,6,0.469
7,bottom,-1,0,6,0.655
7,bottom,0,0,6,0.808
7,bottom,1,0,6,0.903
7,bottom,2,0,6,0.951
7,bottom,3,0,6,0.976
7,bottom,4,0,6,0.989
7,bottom,5,0,6,0.995
7,bottom,-5,0,7,0.148
7,bottom,-4,0,7,0.242
7,bottom,-3,0,7,0.368
7,bottom,-2,0,7,0.518
7,bottom,-1,0,7,0.683
7,bottom,0,0,7,0.824
7,bottom,1,0,7,0.911
7,bottom,2,0,7,0.955
7,bottom,3,0,7,0.978
7,bottom,4,0,7,0.989
7,bottom,5,0,7,0.995
7,bottom,-5,1,0,0.024
7,bottom,-4,1,0,0.047
7,bottom,-3,1,0,0.091
7,bottom,-2,1,0,0.171
7,bottom,-1,1,0,0.305
7,bottom,0,1,0,0.548
7,bottom,1,1,0,0.776
7,bottom,2,1,0,0.883
7,bottom,3,1,0,0.941
7,bottom,4,1,0,0.971
7,bottom,5,1,0,0.986
7,bottom,-5,1,1,0.034
7,bottom,-4,1,1,0.066
7,bottom,-3,1,1,0.122
7,bottom,-2,1,1,0.216
7,bottom,-1,1,1,0.36
7,bottom,0,1,1,0.589
7,bottom,1,1,1,0.796
7,bottom,2,1,1,0.894
7,bottom,3,1,1,0.946
7,bottom,4,1,1,0.974
7,bottom,5,1,1,0.988
7,bottom,-5,1,2,0.038
7,bottom,-4,1,2,0.073
7,bottom,-3,1,2,0.134
7,bottom,-2,1,2,0.237
7,bottom,-1,1,2,0.398
7,bottom,0,1,2,0.624
7,bottom,1,1,2,0.812
7,bottom,2,1,2,0.903
7,bottom,3,1,2,0.951
7,bottom,4,1,2,0.976
7,bottom,5,1,2,0.989
7,bottom,-5,1,3,0.054
7,bottom,-4,1,3,0.099
7,bottom,-3,1,3,0.173
7,bottom,-2,1,3,0.283
7,bottom,-1,1,3,0.433
7,bottom,0,1,3,0.643
7,bottom,1,1,3,0.822
7,bottom,2,1,3,0.908
7,bottom,3,1,3,0.954
7,bottom,4,1,3,0.978
7,bottom,5,1,3,0.989
7,bottom,-5,1,4,0.044
7,bottom,-4,1,4,0.084
7,bottom,-3,1,4,0.155
7,bottom,-2,1,4,0.273
7,bottom,-1,1,4,0.468
7,bottom,0,1,4,0.693
7,bottom,1,1,4,0.845
7,bottom,2,1,4,0.92
7,bottom,3,1,4,0.96
7,bottom,4,1,4,0.981
7,bottom,5,1,4,0.991
7,bottom,-5,1,5,0.059
7,bottom,-4,1,5,0.108
7,bottom,-3,1,5,0.19
7,bottom,-2,1,5,0.314
7,bottom,-1,1,5,0.494
7,bottom,0,1,5,0.702
7,bottom,1,1,5,0.85
7,bottom,2,1,5,0.923
7,bottom,3,1,5,0.962
7,bottom,4,1,5,0.982
7,bottom,5,1,5,0.991
7,bottom,-5,1,6,0.072
7,bottom,-4,1,6,0.13
7,bottom,-3,1,6,0.223
7,bottom,-2,1,6,0.364
7,bottom,-1,1,6,0.545
7,bottom,0,1,6,0.732
7,bottom,1,1,6,0.865
7,bottom,2,1,6,0.931
7,bottom,3,1,6,0.966
7,bottom,4,1,6,0.983
7,bottom,5,1,6,0.992
7,bottom,-5,1,7,0.094
7,bottom,-4,1,7,0.162
7,bottom,-3,1,7,0.261
7,bottom,-2,1,7,0.392
7,bottom,-1,1,7,0.555
7,bottom,0,1,7,0.735
7,bottom,1,1,7,0.867
7,bottom,2,1,7,0.932
7,bottom,3,1,7,0.966
7,bottom,4,1,7,0.984
7,bottom,5,1,7,0.992
7,bottom,-5,2,0,0.018
7,bottom,-4,2,0,0.037
7,bottom,-3,2,0,0.075
7,bottom,-2,2,0,0.145
7,bottom,-1,2,0,0.27
7,bottom,0,2,0,0.52
7,bottom,1,2,0,0.762
7,bottom,2,2,0,0.876
7,bottom,3,2,0,0.937
7,bottom,4,2,0,0.969
7,bottom,5,2,0,0.986
7,bottom,-5,2,1,0.022
7,bottom,-4,2,1,0.045
7,bottom,-3,2,1,0.089
7,bottom,-2,2,1,0.168
7,bottom,-1,2,1,0.299
7,bottom,0,2,1,0.541
7,bottom,1,2,1,0.773
7,bottom,2,2,1,0.881
7,bottom,3,2,1,0.94
7,bottom,4,2,1,0.971
7,bottom,5,2,1,0.986
7,bottom,-5,2,2,0.024
7,bottom,-4,2,2,0.049
7,bottom,-3,2,2,0.096
7,bottom,-2,2,2,0.179
7,bottom,-1,2,2,0.322
7,bottom,0,2,2,0.564
7,bottom,1,2,2,0.784
7,bottom,2,2,2,0.887
7,bottom,3,2,2,0.943
7,bottom,4,2,2,0.972
7,bottom,5,2,2,0.987
7,bottom,-5,2,3,0.031
7,bottom,-4,2,3,0.061
7,bottom,-3,2,3,0.115
7,bottom,-2,2,3,0.204
7,bottom,-1,2,3,0.342
7,bottom,0,2,3,0.575
7,bottom,1,2,3,0.789
7,bottom,2,2,3,0.89
7,bottom,3,2,3,0.945
7,bottom,4,2,3,0.973
7,bottom,5,2,3,0.987
7,bottom,-5,2,4,0.025
7,bottom,-4,2,4,0.05
7,bottom,-3,2,4,0.097
7,bottom,-2,2,4,0.182
7,bottom,-1,2,4,0.331
7,bottom,0,2,4,0.574
7,bottom,1,2,4,0.788
7,bottom,2,2,4,0.889
7,bottom,3,2,4,0.944
7,bottom,4,2,4,0.973
7,bottom,5,2,4,0.987
7,bottom,-5,2,5,0.032
7,bottom,-4,2,5,0.062
7,bottom,-3,2,5,0.118
7,bottom,-2,2,5,0.21
7,bottom,-1,2,5,0.354
7,bottom,0,2,5,0.587
7,bottom,1,2,5,0.795
7,bottom,2,2,5,0.893
7,bottom,3,2,5,0.946
7,bottom,4,2,5,0.974
7,bottom,5,2,5,0.988
7,bottom,-5,2,6,0.037
7,bottom,-4,2,6,0.072
7,bottom,-3,2,6,0.132
7,bottom,-2,2,6,0.235
7,bottom,-1,2,6,0.376
7,bottom,0,2,6,0.596
7,bottom,1,2,6,0.8
7,bottom,2,2,6,0.896
7,bottom,3,2,6,0.947
7,bottom,4,2,6,0.974
7,bottom,5,2,6,0.988
7,bottom,-5,2,7,0.05
7,bottom,-4,2,7,0.093
7,bottom,-3,2,7,0.16
7,bottom,-2,2,7,0.262
7,bottom,-1,2,7,0.402
7,bottom,0,2,7,0.616
7,bottom,1,2,7,0.81
7,bottom,2,2,7,0.901
7,bottom,3,2,7,0.95
7,bottom,4,2,7,0.976
7,bottom,5,2,7,0.989
8,top,-5,0,0,0.015
8,top,-4,0,0,0.032
8,top,-3,0,0,0.065
8,top,-2,0,0,0.13
8,top,-1,0,0,0.247
8,top,0,0,0,0.5
8,top,1,0,0,0.753
8,top,2,0,0,0.87
8,top,3,0,0,0.935
8,top,4,0,0,0.968
8,top,5,0,0,0.985
8,top,-5,0,1,0.013
8,top,-4,0,1,0.027
8,top,-3,0,1,0.056
8,top,-2,0,1,0.112
8,top,-1,0,1,0.214
8,top,0,0,1,0.432
8,top,1,0,1,0.665
8,top,2,0,1,0.804
8,top,3,0,1,0.894
8,top,4,0,1,0.946
8,top,5,0,1,0.973
8,top,-5,0,2,0.011
8,top,-4,0,2,0.023
8,top,-3,0,2,0.048
8,top,-2,0,2,0.095
8,top,-1,0,2,0.184
8,top,0,0,2,0.366
8,top,1,0,2,0.604
8,top,2,0,2,0.78
8,top,3,0,2,0.882
8,top,4,0,2,0.939
8,top,5,0,2,0.969
8,top,-5,0,3,0.01
8,top,-4,0,3,0.021
8,top,-3,0,3,0.044
8,top,-2,0,3,0.087
8,top,-1,0,3,0.169
8,top,0,0,3,0.338
8,top,1,0,3,0.544
8,top,2,0,3,0.702
8,top,3,0,3,0.821
8,top,4,0,3,0.902
8,top,5,0,3,0.948
8,top,-5,0,4,0.009
8,top,-4,0,4,0.018
8,top,-3,0,4,0.038
8,top,-2,0,4,0.077
8,top,-1,0,4,0.15
8,top,0,0,4,0.293
8,top,1,0,4,0.536
8,top,2,0,4,0.757
8,top,3,0,4,0.872
8,top,4,0,4,0.935
8,top,5,0,4,0.968
8,top,-5,0,5,0.007
8,top,-4,0,5,0.016
8,top,-3,0,5,0.033
8,top,-2,0,5,0.066
8,top,-1,0,5,0.129
8,top,0,0,5,0.254
8,top,1,0,5,0.462
8,top,2,0,5,0.664
8,top,3,0,5,0.798
8,top,4,0,5,0.888
8,top,5,0,5,0.94
8,top,-5,0,6,0.007
8,top,-4,0,6,0.014
8,top,-3,0,6,0.029
8,top,-2,0,6,0.06
8,top,-1,0,6,0.117
8,top,0,0,6,0.231
8,top,1,0,6,0.41
8,top,2,0,6,0.615
8,top,3,0,6,0.779
8,top,4,0,6,0.877
8,top,5,0,6,0.935
8,top,-5,0,7,0.006
8,top,-4,0,7,0.013
8,top,-3,0,7,0.027
8,top,-2,0,7,0.055
8,top,-1,0,7,0.108
8,top,0,0,7,0.213
8,top,1,0,7,0.378
8,top,2,0,7,0.557
8,top,3,0,7,0.706
8,top,4,0,7,0.821
8,top,5,0,7,0.901
8,top,-5,1,0,0.017
8,top,-4,1,0,0.035
8,top,-3,1,0,0.072
8,top,-2,1,0,0.141
8,top,-1,1,0,0.269
8,top,0,1,0,0.546
8,top,1,1,0,0.807
8,top,2,1,0,0.906
8,top,3,1,0,0.956
8,top,4,1,0,0.98
8,top,5,1,0,0.991
8,top,-5,1,1,0.015
8,top,-4,1,1,0.032
8,top,-3,1,1,0.065
8,top,-2,1,1,0.129
8,top,-1,1,1,0.245
8,top,0,1,1,0.497
8,top,1,1,1,0.745
8,top,2,1,1,0.862
8,top,3,1,1,0.931
8,top,4,1,1,0.967
8,top,5,1,1,0.985
8,top,-5,1,2,0.014
8,top,-4,1,2,0.029
8,top,-3,1,2,0.059
8,top,-2,1,2,0.118
8,top,-1,1,2,0.225
8,top,0,1,2,0.454
8,top,1,1,2,0.705
8,top,2,1,2,0.847
8,top,3,1,2,0.923
8,top,4,1,2,0.963
8,top,5,1,2,0.983
8,top,-5,1,3,0.013
8,top,-4,1,3,0.027
8,top,-3,1,3,0.056
8,top,-2,1,3,0.112
8,top,-1,1,3,0.214
8,top,0,1,3,0.431
8,top,1,1,3,0.662
8,top,2,1,3,0.795
8,top,3,1,3,0.886
8,top,4,1,3,0.942
8,top,5,1,3,0.972
8,top,-5,1,4,0.011
8,top,-4,1,4,0.023
8,top,-3,1,4,0.048
8,top,-2,1,4,0.097
8,top,-1,1,4,0.187
8,top,0,1,4,0.37
8,top,1,1,4,0.629
8,top,2,1,4,0.822
8,top,3,1,4,0.911
8,top,4,1,4,0.958
8,top,5,1,4,0.981
8,top,-5,1,5,0.011
8,top,-4,1,5,0.023
8,top,-3,1,5,0.047
8,top,-2,1,5,0.093
8,top,-1,1,5,0.181
8,top,0,1,5,0.359
8,top,1,1,5,0.597
8,top,2,1,5,0.774
8,top,3,1,5,0.876
8,top,4,1,5,0.938
8,top,5,1,5,0.97
8,top,-5,1,6,0.01
8,top,-4,1,6,0.02
8,top,-3,1,6,0.042
8,top,-2,1,6,0.084
8,top,-1,1,6,0.162
8,top,0,1,6,0.324
8,top,1,1,6,0.537
8,top,2,1,6,0.722
8,top,3,1,6,0.85
8,top,4,1,6,0.921
8,top,5,1,6,0.961
8,top,-5,1,7,0.009
8,top,-4,1,7,0.02
8,top,-3,1,7,0.041
8,top,-2,1,7,0.083
8,top,-1,1,7,0.16
8,top,0,1,7,0.32
8,top,1,1,7,0.524
8,top,2,1,7,0.687
8,top,3,1,7,0.806
8,top,4,1,7,0.89
8,top,5,1,7,0.943
8,top,-5,2,0,0.018
8,top,-4,2,0,0.037
8,top,-3,2,0,0.076
8,top,-2,2,0,0.15
8,top,-1,2,0,0.285
8,top,0,2,0,0.58
8,top,1,2,0,0.846
8,top,2,2,0,0.929
8,top,3,2,0,0.969
8,top,4,2,0,0.987
8,top,5,2,0,0.994
8,top,-5,2,1,0.017
8,top,-4,2,1,0.035
8,top,-3,2,1,0.073
8,top,-2,2,1,0.143
8,top,-1,2,1,0.273
8,top,0,2,1,0.554
8,top,1,2,1,0.813
8,top,2,2,1,0.908
8,top,3,2,1,0.958
8,top,4,2,1,0.981
8,top,5,2,1,0.992
8,top,-5,2,2,0.016
8,top,-4,2,2,0.034
8,top,-3,2,2,0.069
8,top,-2,2,2,0.136
8,top,-1,2,2,0.26
8,top,0,2,2,0.526
8,top,1,2,2,0.788
8,top,2,2,2,0.9
8,top,3,2,2,0.954
8,top,4,2,2,0.98
8,top,5,2,2,0.991
8,top,-5,2,3,0.016
8,top,-4,2,3,0.033
8,top,-3,2,3,0.067
8,top,-2,2,3,0.133
8,top,-1,2,3,0.254
8,top,0,2,3,0.514
8,top,1,2,3,0.766
8,top,2,2,3,0.873
8,top,3,2,3,0.936
8,top,4,2,3,0.971
8,top,5,2,3,0.987
8,top,-5,2,4,0.016
8,top,-4,2,4,0.033
8,top,-3,2,4,0.067
8,top,-2,2,4,0.134
8,top,-1,2,4,0.255
8,top,0,2,4,0.515
8,top,1,2,4,0.779
8,top,2,2,4,0.899
8,top,3,2,4,0.954
8,top,4,2,4,0.979
8,top,5,2,4,0.991
8,top,-5,2,5,0.015
8,top,-4,2,5,0.032
8,top,-3,2,5,0.065
8,top,-2,2,5,0.129
8,top,-1,2,5,0.247
8,top,0,2,5,0.499
8,top,1,2,5,0.752
8,top,2,2,5,0.869
8,top,3,2,5,0.935
8,top,4,2,5,0.97
8,top,5,2,5,0.987
8,top,-5,2,6,0.015
8,top,-4,2,6,0.031
8,top,-3,2,6,0.064
8,top,-2,2,6,0.126
8,top,-1,2,6,0.241
8,top,0,2,6,0.488
8,top,1,2,6,0.725
8,top,2,2,6,0.842
8,top,3,2,6,0.923
8,top,4,2,6,0.963
8,top,5,2,6,0.983
8,top,-5,2,7,0.014
8,top,-4,2,7,0.029
8,top,-3,2,7,0.061
8,top,-2,2,7,0.12
8,top,-1,2,7,0.229
8,top,0,2,7,0.464
8,top,1,2,7,0.695
8,top,2,2,7,0.813
8,top,3,2,7,0.895
8,top,4,2,7,0.945
8,top,5,2,7,0.974
8,bottom,-5,0,0,0.018
8,bottom,-4,0,0,0.039
8,bottom,-3,0,0,0.079
8,bottom,-2,0,0,0.156
8,bottom,-1,0,0,0.297
8,bottom,0,0,0,0.605
8,bottom,1,0,0,0.871
8,bottom,2,0,0,0.942
8,bottom,3,0,0,0.975
8,bottom,4,0,0,0.989
8,bottom,5,0,0,0.996
8,bottom,-5,0,1,0.033
8,bottom,-4,0,1,0.066
8,bottom,-3,0,1,0.127
8,bottom,-2,0,1,0.234
8,bottom,-1,0,1,0.395
8,bottom,0,0,1,0.669
8,bottom,1,0,1,0.89
8,bottom,2,0,1,0.951
8,bottom,3,0,1,0.979
8,bottom,4,0,1,0.991
8,bottom,5,0,1,0.996
8,bottom,-5,0,2,0.037
8,bottom,-4,0,2,0.074
8,bottom,-3,0,2,0.142
8,bottom,-2,0,2,0.263
8,bottom,-1,0,2,0.471
8,bottom,0,0,2,0.739
8,bottom,1,0,2,0.909
8,bottom,2,0,2,0.959
8,bottom,3,0,2,0.983
8,bottom,4,0,2,0.993
8,bottom,5,0,2,0.997
8,bottom,-5,0,3,0.062
8,bottom,-4,0,3,0.118
8,bottom,-3,0,3,0.213
8,bottom,-2,0,3,0.35
8,bottom,-1,0,3,0.526
8,bottom,0,0,3,0.754
8,bottom,1,0,3,0.916
8,bottom,2,0,3,0.963
8,bottom,3,0,3,0.984
8,bottom,4,0,3,0.993
8,bottom,5,0,3,0.997
8,bottom,-5,0,4,0.039
8,bottom,-4,0,4,0.078
8,bottom,-3,0,4,0.155
8,bottom,-2,0,4,0.291
8,bottom,-1,0,4,0.557
8,bottom,0,0,4,0.819
8,bottom,1,0,4,0.929
8,bottom,2,0,4,0.969
8,bottom,3,0,4,0.987
8,bottom,4,0,4,0.995
8,bottom,5,0,4,0.998
8,bottom,-5,0,5,0.072
8,bottom,-4,0,5,0.134
8,bottom,-3,0,5,0.24
8,bottom,-2,0,5,0.394
8,bottom,-1,0,5,0.627
8,bottom,0,0,5,0.844
8,bottom,1,0,5,0.94
8,bottom,2,0,5,0.974
8,bottom,3,0,5,0.989
8,bottom,4,0,5,0.995
8,bottom,5,0,5,0.998
8,bottom,-5,0,6,0.078
8,bottom,-4,0,6,0.147
8,bottom,-3,0,6,0.263
8,bottom,-2,0,6,0.455
8,bottom,-1,0,6,0.682
8,bottom,0,0,6,0.857
8,bottom,1,0,6,0.946
8,bottom,2,0,6,0.976
8,bottom,3,0,6,0.99
8,bottom,4,0,6,0.996
8,bottom,5,0,6,0.998
8,bottom,-5,0,7,0.119
8,bottom,-4,0,7,0.213
8,bottom,-3,0,7,0.345
8,bottom,-2,0,7,0.51
8,bottom,-1,0,7,0.704
8,bottom,0,0,7,0.868
8,bottom,1,0,7,0.95
8,bottom,2,0,7,0.978
8,bottom,3,0,7,0.991
8,bottom,4,0,7,0.996
8,bottom,5,0,7,0.998
8,bottom,-5,1,0,0.011
8,bottom,-4,1,0,0.025
8,bottom,-3,1,0,0.054
8,bottom,-2,1,0,0.115
8,bottom,-1,1,0,0.235
8,bottom,0,1,0,0.559
8,bottom,1,1,0,0.858
8,bottom,2,1,0,0.937
8,bottom,3,1,0,0.972
8,bottom,4,1,0,0.988
8,bottom,5,1,0,0.995
8,bottom,-5,1,1,0.019
8,bottom,-4,1,1,0.04
8,bottom,-3,1,1,0.084
8,bottom,-2,1,1,0.167
8,bottom,-1,1,1,0.305
8,bottom,0,1,1,0.606
8,bottom,1,1,1,0.872
8,bottom,2,1,1,0.943
8,bottom,3,1,1,0.975
8,bottom,4,1,1,0.99
8,bottom,5,1,1,0.996
8,bottom,-5,1,2,0.021
8,bottom,-4,1,2,0.045
8,bottom,-3,1,2,0.093
8,bottom,-2,1,2,0.185
8,bottom,-1,1,2,0.355
8,bottom,0,1,2,0.653
8,bottom,1,1,2,0.884
8,bottom,2,1,2,0.948
8,bottom,3,1,2,0.978
8,bottom,4,1,2,0.991
8,bottom,5,1,2,0.996
8,bottom,-5,1,3,0.034
8,bottom,-4,1,3,0.07
8,bottom,-3,1,3,0.138
8,bottom,-2,1,3,0.244
8,bottom,-1,1,3,0.396
8,bottom,0,1,3,0.667
8,bottom,1,1,3,0.89
8,bottom,2,1,3,0.951
8,bottom,3,1,3,0.979
8,bottom,4,1,3,0.991
8,bottom,5,1,3,0.996
8,bottom,-5,1,4,0.024
8,bottom,-4,1,4,0.051
8,bottom,-3,1,4,0.108
8,bottom,-2,1,4,0.216
8,bottom,-1,1,4,0.45
8,bottom,0,1,4,0.744
8,bottom,1,1,4,0.908
8,bottom,2,1,4,0.959
8,bottom,3,1,4,0.982
8,bottom,4,1,4,0.993
8,bottom,5,1,4,0.997
8,bottom,-5,1,5,0.037
8,bottom,-4,1,5,0.075
8,bottom,-3,1,5,0.149
8,bottom,-2,1,5,0.27
8,bottom,-1,1,5,0.479
8,bottom,0,1,5,0.746
8,bottom,1,1,5,0.911
8,bottom,2,1,5,0.96
8,bottom,3,1,5,0.983
8,bottom,4,1,5,0.993
8,bottom,5,1,5,0.997
8,bottom,-5,1,6,0.048
8,bottom,-4,1,6,0.095
8,bottom,-3,1,6,0.181
8,bottom,-2,1,6,0.332
8,bottom,-1,1,6,0.544
8,bottom,0,1,6,0.774
8,bottom,1,1,6,0.92
8,bottom,2,1,6,0.965
8,bottom,3,1,6,0.985
8,bottom,4,1,6,0.994
8,bottom,5,1,6,0.997
8,bottom,-5,1,7,0.069
8,bottom,-4,1,7,0.133
8,bottom,-3,1,7,0.23
8,bottom,-2,1,7,0.365
8,bottom,-1,1,7,0.549
8,bottom,0,1,7,0.773
8,bottom,1,1,7,0.921
8,bottom,2,1,7,0.965
8,bottom,3,1,7,0.985
8,bottom,4,1,7,0.994
8,bottom,5,1,7,0.997
8,bottom,-5,2,0,0.007
8,bottom,-4,2,0,0.017
8,bottom,-3,2,0,0.039
8,bottom,-2,2,0,0.087
8,bottom,-1,2,0,0.189
8,bottom,0,2,0,0.525
8,bottom,1,2,0,0.849
8,bottom,2,2,0,0.932
8,bottom,3,2,0,0.97
8,bottom,4,2,0,0.988
8,bottom,5,2,0,0.995
8,bottom,-5,2,1,0.01
8,bottom,-4,2,1,0.023
8,bottom,-3,2,1,0.052
8,bottom,-2,2,1,0.113
8,bottom,-1,2,1,0.226
8,bottom,0,2,1,0.55
8,bottom,1,2,1,0.856
8,bottom,2,2,1,0.936
8,bottom,3,2,1,0.972
8,bottom,4,2,1,0.988
8,bottom,5,2,1,0.995
8,bottom,-5,2,2,0.011
8,bottom,-4,2,2,0.025
8,bottom,-3,2,2,0.057
8,bottom,-2,2,2,0.122
8,bottom,-1,2,2,0.258
8,bottom,0,2,2,0.581
8,bottom,1,2,2,0.864
8,bottom,2,2,2,0.939
8,bottom,3,2,2,0.973
8,bottom,4,2,2,0.989
8,bottom,5,2,2,0.995
8,bottom,-5,2,3,0.016
8,bottom,-4,2,3,0.036
8,bottom,-3,2,3,0.078
8,bottom,-2,2,3,0.153
8,bottom,-1,2,3,0.28
8,bottom,0,2,3,0.589
8,bottom,1,2,3,0.867
8,bottom,2,2,3,0.941
8,bottom,3,2,3,0.974
8,bottom,4,2,3,0.989
8,bottom,5,2,3,0.996
8,bottom,-5,2,4,0.011
8,bottom,-4,2,4,0.025
8,bottom,-3,2,4,0.057
8,bottom,-2,2,4,0.123
8,bottom,-1,2,4,0.27
8,bottom,0,2,4,0.594
8,bottom,1,2,4,0.867
8,bottom,2,2,4,0.941
8,bottom,3,2,4,0.974
8,bottom,4,2,4,0.989
8,bottom,5,2,4,0.996
8,bottom,-5,2,5,0.016
8,bottom,-4,2,5,0.037
8,bottom,-3,2,5,0.08
8,bottom,-2,2,5,0.158
8,bottom,-1,2,5,0.298
8,bottom,0,2,5,0.606
8,bottom,1,2,5,0.871
8,bottom,2,2,5,0.943
8,bottom,3,2,5,0.975
8,bottom,4,2,5,0.99
8,bottom,5,2,5,0.996
8,bottom,-5,2,6,0.021
8,bottom,-4,2,6,0.045
8,bottom,-3,2,6,0.093
8,bottom,-2,2,6,0.192
8,bottom,-1,2,6,0.326
8,bottom,0,2,6,0.611
8,bottom,1,2,6,0.874
8,bottom,2,2,6,0.944
8,bottom,3,2,6,0.976
8,bottom,4,2,6,0.99
8,bottom,5,2,6,0.996
8,bottom,-5,2,7,0.032
8,bottom,-4,2,7,0.067
8,bottom,-3,2,7,0.126
8,bottom,-2,2,7,0.221
8,bottom,-1,2,7,0.356
8,bottom,0,2,7,0.634
8,bottom,1,2,7,0.881
8,bottom,2,2,7,0.947
8,bottom,3,2,7,0.977
8,bottom,4,2,7,0.99
8,bottom,5,2,7,0.996
9,top,-5,0,0,0.005
9,top,-4,0,0,0.013
9,top,-3,0,0,0.031
9,top,-2,0,0,0.071
9,top,-1,0,0,0.158
9,top,0,0,0,0.5
9,top,1,0,0,0.842
9,top,2,0,0,0.929
9,top,3,0,0,0.969
9,top,4,0,0,0.987
9,top,5,0,0,0.995
9,top,-5,0,1,0.005
9,top,-4,0,1,0.011
9,top,-3,0,1,0.026
9,top,-2,0,1,0.06
9,top,-1,0,1,0.135
9,top,0,0,1,0.418
9,top,1,0,1,0.727
9,top,2,0,1,0.855
9,top,3,0,1,0.933
9,top,4,0,1,0.971
9,top,5,0,1,0.988
9,top,-5,0,2,0.004
9,top,-4,0,2,0.009
9,top,-3,0,2,0.022
9,top,-2,0,2,0.05
9,top,-1,0,2,0.112
9,top,0,0,2,0.328
9,top,1,0,2,0.643
9,top,2,0,2,0.842
9,top,3,0,2,0.927
9,top,4,0,2,0.968
9,top,5,0,2,0.985
9,top,-5,0,3,0.003
9,top,-4,0,3,0.008
9,top,-3,0,3,0.02
9,top,-2,0,3,0.046
9,top,-1,0,3,0.103
9,top,0,0,3,0.309
9,top,1,0,3,0.573
9,top,2,0,3,0.739
9,top,3,0,3,0.858
9,top,4,0,3,0.934
9,top,5,0,3,0.97
9,top,-5,0,4,0.003
9,top,-4,0,4,0.007
9,top,-3,0,4,0.016
9,top,-2,0,4,0.038
9,top,-1,0,4,0.087
9,top,0,0,4,0.225
9,top,1,0,4,0.55
9,top,2,0,4,0.832
9,top,3,0,4,0.926
9,top,4,0,4,0.969
9,top,5,0,4,0.987
9,top,-5,0,5,0.002
9,top,-4,0,5,0.006
9,top,-3,0,5,0.014
9,top,-2,0,5,0.033
9,top,-1,0,5,0.074
9,top,0,0,5,0.194
9,top,1,0,5,0.462
9,top,2,0,5,0.713
9,top,3,0,5,0.842
9,top,4,0,5,0.924
9,top,5,0,5,0.964
9,top,-5,0,6,0.002
9,top,-4,0,6,0.005
9,top,-3,0,6,0.012
9,top,-2,0,6,0.029
9,top,-1,0,6,0.067
9,top,0,0,6,0.179
9,top,1,0,6,0.391
9,top,2,0,6,0.646
9,top,3,0,6,0.832
9,top,4,0,6,0.918
9,top,5,0,6,0.963
9,top,-5,0,7,0.002
9,top,-4,0,7,0.005
9,top,-3,0,7,0.012
9,top,-2,0,7,0.027
9,top,-1,0,7,0.061
9,top,0,0,7,0.165
9,top,1,0,7,0.365
9,top,2,0,7,0.577
9,top,3,0,7,0.737
9,top,4,0,7,0.855
9,top,5,0,7,0.932
9,top,-5,1,0,0.006
9,top,-4,1,0,0.014
9,top,-3,1,0,0.034
9,top,-2,1,0,0.078
9,top,-1,1,0,0.174
9,top,0,1,0,0.558
9,top,1,1,0,0.913
9,top,2,1,0,0.966
9,top,3,1,0,0.987
9,top,4,1,0,0.995
9,top,5,1,0,0.998
9,top,-5,1,1,0.005
9,top,-4,1,1,0.013
9,top,-3,1,1,0.031
9,top,-2,1,1,0.07
9,top,-1,1,1,0.157
9,top,0,1,1,0.498
9,top,1,1,1,0.831
9,top,2,1,1,0.917
9,top,3,1,1,0.967
9,top,4,1,1,0.987
9,top,5,1,1,0.995
9,top,-5,1,2,0.005
9,top,-4,1,2,0.012
9,top,-3,1,2,0.028
9,top,-2,1,2,0.064
9,top,-1,1,2,0.142
9,top,0,1,2,0.438
9,top,1,1,2,0.776
9,top,2,1,2,0.91
9,top,3,1,2,0.963
9,top,4,1,2,0.985
9,top,5,1,2,0.994
9,top,-5,1,3,0.005
9,top,-4,1,3,0.011
9,top,-3,1,3,0.026
9,top,-2,1,3,0.06
9,top,-1,1,3,0.135
9,top,0,1,3,0.421
9,top,1,1,3,0.725
9,top,2,1,3,0.841
9,top,3,1,3,0.921
9,top,4,1,3,0.969
9,top,5,1,3,0.988
9,top,-5,1,4,0.004
9,top,-4,1,4,0.009
9,top,-3,1,4,0.022
9,top,-2,1,4,0.05
9,top,-1,1,4,0.113
9,top,0,1,4,0.321
9,top,1,1,4,0.673
9,top,2,1,4,0.901
9,top,3,1,4,0.96
9,top,4,1,4,0.985
9,top,5,1,4,0.994
9,top,-5,1,5,0.004
9,top,-4,1,5,0.009
9,top,-3,1,5,0.021
9,top,-2,1,5,0.049
9,top,-1,1,5,0.11
9,top,0,1,5,0.319
9,top,1,1,5,0.635
9,top,2,1,5,0.835
9,top,3,1,5,0.92
9,top,4,1,5,0.968
9,top,5,1,5,0.987
9,top,-5,1,6,0.003
9,top,-4,1,6,0.008
9,top,-3,1,6,0.019
9,top,-2,1,6,0.043
9,top,-1,1,6,0.098
9,top,0,1,6,0.284
9,top,1,1,6,0.555
9,top,2,1,6,0.769
9,top,3,1,6,0.899
9,top,4,1,6,0.955
9,top,5,1,6,0.981
9,top,-5,1,7,0.003
9,top,-4,1,7,0.008
9,top,-3,1,7,0.019
9,top,-2,1,7,0.043
9,top,-1,1,7,0.097
9,top,0,1,7,0.286
9,top,1,1,7,0.548
9,top,2,1,7,0.726
9,top,3,1,7,0.841
9,top,4,1,7,0.919
9,top,5,1,7,0.967
9,top,-5,2,0,0.006
9,top,-4,2,0,0.015
9,top,-3,2,0,0.037
9,top,-2,2,0,0.084
9,top,-1,2,0,0.186
9,top,0,2,0,0.602
9,top,1,2,0,0.965
9,top,2,2,0,0.989
9,top,3,2,0,0.996
9,top,4,2,0,0.999
9,top,5,2,0,1.0
9,top,-5,2,1,0.006
9,top,-4,2,1,0.015
9,top,-3,2,1,0.035
9,top,-2,2,1,0.079
9,top,-1,2,1,0.177
9,top,0,2,1,0.57
9,top,1,2,1,0.922
9,top,2,2,1,0.965
9,top,3,2,1,0.989
9,top,4,2,1,0.997
9,top,5,2,1,0.999
9,top,-5,2,2,0.006
9,top,-4,2,2,0.014
9,top,-3,2,2,0.033
9,top,-2,2,2,0.075
9,top,-1,2,2,0.167
9,top,0,2,2,0.53
9,top,1,2,2,0.888
9,top,2,2,2,0.963
9,top,3,2,2,0.988
9,top,4,2,2,0.996
9,top,5,2,2,0.999
9,top,-5,2,3,0.006
9,top,-4,2,3,0.013
9,top,-3,2,3,0.032
9,top,-2,2,3,0.073
9,top,-1,2,3,0.163
9,top,0,2,3,0.52
9,top,1,2,3,0.86
9,top,2,2,3,0.927
9,top,3,2,3,0.968
9,top,4,2,3,0.99
9,top,5,2,3,0.997
9,top,-5,2,4,0.006
9,top,-4,2,4,0.013
9,top,-3,2,4,0.032
9,top,-2,2,4,0.073
9,top,-1,2,4,0.163
9,top,0,2,4,0.513
9,top,1,2,4,0.875
9,top,2,2,4,0.966
9,top,3,2,4,0.989
9,top,4,2,4,0.996
9,top,5,2,4,0.999
9,top,-5,2,5,0.005
9,top,-4,2,5,0.013
9,top,-3,2,5,0.031
9,top,-2,2,5,0.071
9,top,-1,2,5,0.158
9,top,0,2,5,0.499
9,top,1,2,5,0.841
9,top,2,2,5,0.927
9,top,3,2,5,0.969
9,top,4,2,5,0.99
9,top,5,2,5,0.997
9,top,-5,2,6,0.005
9,top,-4,2,6,0.013
9,top,-3,2,6,0.03
9,top,-2,2,6,0.069
9,top,-1,2,6,0.154
9,top,0,2,6,0.493
9,top,1,2,6,0.803
9,top,2,2,6,0.889
9,top,3,2,6,0.962
9,top,4,2,6,0.986
9,top,5,2,6,0.995
9,top,-5,2,7,0.005
9,top,-4,2,7,0.012
9,top,-3,2,7,0.029
9,top,-2,2,7,0.065
9,top,-1,2,7,0.146
9,top,0,2,7,0.464
9,top,1,2,7,0.769
9,top,2,2,7,0.859
9,top,3,2,7,0.927
9,top,4,2,7,0.967
9,top,5,2,7,0.989
9,bottom,-5,0,0,0.007
9,bottom,-4,0,0,0.016
9,bottom,-3,0,0,0.038
9,bottom,-2,0,0,0.087
9,bottom,-1,0,0,0.194
9,bottom,0,0,0,0.634
9,bottom,-5,0,1,0.015
9,bottom,-4,0,1,0.036
9,bottom,-3,0,1,0.083
9,bottom,-2,0,1,0.177
9,bottom,-1,0,1,0.328
9,bottom,0,0,1,0.708
9,bottom,-5,0,2,0.018
9,bottom,-4,0,2,0.04
9,bottom,-3,0,2,0.089
9,bottom,-2,0,2,0.193
9,bottom,-1,0,2,0.438
9,bottom,0,0,2,0.807
9,bottom,-5,0,3,0.037
9,bottom,-4,0,3,0.081
9,bottom,-3,0,3,0.173
9,bottom,-2,0,3,0.312
9,bottom,-1,0,3,0.5
9,bottom,0,0,3,0.805
9,bottom,-5,0,4,0.016
9,bottom,-4,0,4,0.039
9,bottom,-3,0,4,0.092
9,bottom,-2,0,4,0.206
9,bottom,-1,0,4,0.563
9,bottom,0,0,4,0.921
9,bottom,-5,0,5,0.044
9,bottom,-4,0,5,0.092
9,bottom,-3,0,5,0.192
9,bottom,-2,0,5,0.343
9,bottom,-1,0,5,0.643
9,bottom,0,0,5,0.93
9,bottom,-5,0,6,0.046
9,bottom,-4,0,6,0.101
9,bottom,-3,0,6,0.205
9,bottom,-2,0,6,0.431
9,bottom,-1,0,6,0.721
9,bottom,0,0,6,0.926
9,bottom,-5,0,7,0.083
9,bottom,-4,0,7,0.176
9,bottom,-3,0,7,0.314
9,bottom,-2,0,7,0.494
9,bottom,-1,0,7,0.731
9,bottom,0,0,7,0.931
9,bottom,-5,1,0,0.002
9,bottom,-4,1,0,0.006
9,bottom,-3,1,0,0.017
9,bottom,-2,1,0,0.043
9,bottom,-1,1,0,0.108
9,bottom,0,1,0,0.577
9,bottom,-5,1,1,0.006
9,bottom,-4,1,1,0.016
9,bottom,-3,1,1,0.042
9,bottom,-2,1,1,0.103
9,bottom,-1,1,1,0.206
9,bottom,0,1,1,0.632
9,bottom,-5,1,2,0.007
9,bottom,-4,1,2,0.018
9,bottom,-3,1,2,0.046
9,bottom,-2,1,2,0.112
9,bottom,-1,1,2,0.278
9,bottom,0,1,2,0.699
9,bottom,-5,1,3,0.015
9,bottom,-4,1,3,0.039
9,bottom,-3,1,3,0.098
9,bottom,-2,1,3,0.193
9,bottom,-1,1,3,0.326
9,bottom,0,1,3,0.703
9,bottom,-5,1,4,0.007
9,bottom,-4,1,4,0.019
9,bottom,-3,1,4,0.051
9,bottom,-2,1,4,0.123
9,bottom,-1,1,4,0.416
9,bottom,0,1,4,0.83
9,bottom,-5,1,5,0.016
9,bottom,-4,1,5,0.04
9,bottom,-3,1,5,0.099
9,bottom,-2,1,5,0.201
9,bottom,-1,1,5,0.447
9,bottom,0,1,5,0.817
9,bottom,-5,1,6,0.023
9,bottom,-4,1,6,0.055
9,bottom,-3,1,6,0.124
9,bottom,-2,1,6,0.284
9,bottom,-1,1,6,0.537
9,bottom,0,1,6,0.838
9,bottom,-5,1,7,0.041
9,bottom,-4,1,7,0.1
9,bottom,-3,1,7,0.193
9,bottom,-2,1,7,0.324
9,bottom,-1,1,7,0.53
9,bottom,0,1,7,0.829
9,bottom,-5,2,0,0.0
9,bottom,-4,2,0,0.001
9,bottom,-3,2,0,0.005
9,bottom,-2,2,0,0.014
9,bottom,-1,2,0,0.044
9,bottom,0,2,0,0.533
9,bottom,-5,2,1,0.001
9,bottom,-4,2,1,0.004
9,bottom,-3,2,1,0.014
9,bottom,-2,2,1,0.044
9,bottom,-1,2,1,0.096
9,bottom,0,2,1,0.563
9,bottom,-5,2,2,0.001
9,bottom,-4,2,2,0.005
9,bottom,-3,2,2,0.016
9,bottom,-2,2,2,0.046
9,bottom,-1,2,2,0.142
9,bottom,0,2,2,0.608
9,bottom,-5,2,3,0.004
9,bottom,-4,2,3,0.012
9,bottom,-3,2,3,0.041
9,bottom,-2,2,3,0.09
9,bottom,-1,2,3,0.169
9,bottom,0,2,3,0.611
9,bottom,-5,2,4,0.002
9,bottom,-4,2,4,0.005
9,bottom,-3,2,4,0.015
9,bottom,-2,2,4,0.043
9,bottom,-1,2,4,0.16
9,bottom,0,2,4,0.628
9,bottom,-5,2,5,0.004
9,bottom,-4,2,5,0.012
9,bottom,-3,2,5,0.04
9,bottom,-2,2,5,0.09
9,bottom,-1,2,5,0.195
9,bottom,0,2,5,0.635
9,bottom,-5,2,6,0.006
9,bottom,-4,2,6,0.018
9,bottom,-3,2,6,0.048
9,bottom,-2,2,6,0.14
9,bottom,-1,2,6,0.235
9,bottom,0,2,6,0.63
9,bottom,-5,2,7,0.014
9,bottom,-4,2,7,0.042
9,bottom,-3,2,7,0.089
9,bottom,-2,2,7,0.17
9,bottom,-1,2,7,0.271
9,bottom,0,2,7,0.658
